date,equity,cash,position_value,position,shares
2019-06-19,100000.0,100000.0,0.0,,0
2019-06-20,100000.0,100000.0,0.0,,0
2019-06-21,100000.0,100000.0,0.0,,0
2019-06-24,100000.0,100000.0,0.0,,0
2019-06-25,100000.0,100000.0,0.0,,0
2019-06-26,100000.0,100000.0,0.0,,0
2019-06-27,100000.0,100000.0,0.0,,0
2019-06-28,100000.0,100000.0,0.0,,0
2019-07-01,100000.0,100000.0,0.0,,0
2019-07-02,100000.0,100000.0,0.0,,0
2019-07-03,100000.0,100000.0,0.0,,0
2019-07-05,100000.0,100000.0,0.0,,0
2019-07-08,100000.0,100000.0,0.0,,0
2019-07-09,100000.0,100000.0,0.0,,0
2019-07-10,100000.0,100000.0,0.0,,0
2019-07-11,100000.0,100000.0,0.0,,0
2019-07-12,100000.0,100000.0,0.0,,0
2019-07-15,100000.0,100000.0,0.0,,0
2019-07-16,100000.0,100000.0,0.0,,0
2019-07-17,100000.0,100000.0,0.0,,0
2019-07-18,100000.0,100000.0,0.0,,0
2019-07-19,100000.0,100000.0,0.0,,0
2019-07-22,100000.0,100000.0,0.0,,0
2019-07-23,100000.0,100000.0,0.0,,0
2019-07-24,100000.0,100000.0,0.0,,0
2019-07-25,100000.0,100000.0,0.0,,0
2019-07-26,100000.0,100000.0,0.0,,0
2019-07-29,100000.0,100000.0,0.0,,0
2019-07-30,100000.0,100000.0,0.0,,0
2019-07-31,100000.0,100000.0,0.0,,0
2019-08-01,99850.43765960693,142.21073089599668,99708.22692871094,IYT,2290
2019-08-02,99340.47622619629,142.21073089599668,99198.2654953003,IYT,2290
2019-08-05,96084.13787780762,142.21073089599668,95941.92714691162,IYT,2290
2019-08-06,97401.56227050781,142.21073089599668,97259.35153961182,IYT,2290
2019-08-07,97162.52849517822,142.21073089599668,97020.31776428223,IYT,2290
2019-08-08,98851.75990997315,142.21073089599668,98709.54917907715,IYT,2290
2019-08-09,97699.02885375977,142.21073089599668,97556.81812286377,IYT,2290
2019-08-12,96078.85280548096,142.21073089599668,95936.64207458496,IYT,2290
2019-08-13,97199.69871459961,142.21073089599668,97057.48798370361,IYT,2290
2019-08-14,94240.86189208984,142.21073089599668,94098.65116119385,IYT,2290
2019-08-15,93497.14302001953,142.21073089599668,93354.93228912354,IYT,2290
2019-08-16,95542.3262399292,142.21073089599668,95400.1155090332,IYT,2290
2019-08-19,96620.69065032959,142.21073089599668,96478.4799194336,IYT,2290
2019-08-20,95887.60307250977,142.21073089599668,95745.39234161377,IYT,2290
2019-08-21,96896.91211639404,142.21073089599668,96754.70138549805,IYT,2290
2019-08-22,96578.18294464111,142.21073089599668,96435.97221374512,IYT,2290
2019-08-23,93401.566199646,142.21073089599668,93259.35546875,IYT,2290
2019-08-26,94251.46697937012,142.21073089599668,94109.25624847412,IYT,2290
2019-08-27,93289.99439178467,142.21073089599668,93147.78366088867,IYT,2290
2019-08-28,95000.47092376709,142.21073089599668,94858.2601928711,IYT,2290
2019-08-29,96880.98701416016,142.21073089599668,96738.77628326416,IYT,2290
2019-08-30,97082.83309875488,142.21073089599668,96940.62236785889,IYT,2290
2019-09-03,95547.76383275985,100.70893163680739,95447.05490112305,ITB,2470
2019-09-04,96984.29745550155,100.70893163680739,96883.58852386475,ITB,2470
2019-09-05,96890.10269994735,100.70893163680739,96789.39376831055,ITB,2470
2019-09-06,97337.5584113121,100.70893163680739,97236.8494796753,ITB,2470
2019-09-09,97973.40363378524,100.70893163680739,97872.69470214844,ITB,2470
2019-09-10,97949.84787817001,100.70893163680739,97849.1389465332,ITB,2470
2019-09-11,99174.43623418808,100.70893163680739,99073.72730255127,ITB,2470
2019-09-12,99857.36470098495,100.70893163680739,99756.65576934814,ITB,2470
2019-09-13,99574.7898566246,100.70893163680739,99474.0809249878,ITB,2470
2019-09-16,99080.24147863388,100.70893163680739,98979.53254699707,ITB,2470
2019-09-17,99574.7898566246,100.70893163680739,99474.0809249878,ITB,2470
2019-09-18,100210.64450139999,100.70893163680739,100109.93556976318,ITB,2470
2019-09-19,100139.97723455429,100.70893163680739,100039.26830291748,ITB,2470
2019-09-20,100187.06990118026,100.70893163680739,100086.36096954346,ITB,2470
2019-09-23,99998.67096776962,100.70893163680739,99897.96203613281,ITB,2470
2019-09-24,99975.10578985214,100.70893163680739,99874.39685821533,ITB,2470
2019-09-25,101153.96771306991,100.70893163680739,101053.2587814331,ITB,2470
2019-09-26,101342.60220403671,100.70893163680739,101241.8932723999,ITB,2470
2019-09-27,100682.40975255966,100.70893163680739,100581.70082092285,ITB,2470
2019-09-30,102214.92836828232,100.70893163680739,102114.21943664551,ITB,2470
2019-10-01,101201.11691350937,100.70893163680739,101100.40798187256,ITB,2470
2019-10-02,100470.23835058212,100.70893163680739,100369.52941894531,ITB,2470
2019-10-03,100635.26997442245,100.70893163680739,100534.56104278564,ITB,2470
2019-10-04,102662.94941778183,100.70893163680739,102562.24048614502,ITB,2470
2019-10-07,102191.34434576034,100.70893163680739,102090.63541412354,ITB,2470
2019-10-08,101837.73476476669,100.70893163680739,101737.02583312988,ITB,2470
2019-10-09,101979.1917883873,100.70893163680739,101878.48285675049,ITB,2470
2019-10-10,101908.46798772812,100.70893163680739,101807.75905609131,ITB,2470
2019-10-11,102026.34098882675,100.70893163680739,101925.63205718994,ITB,2470
2019-10-14,102427.19399328232,100.70893163680739,102326.48506164551,ITB,2470
2019-10-15,103841.80191869735,100.70893163680739,103741.09298706055,ITB,2470
2019-10-16,105421.50742406845,100.70893163680739,105320.79849243164,ITB,2470
2019-10-17,106081.681030941,100.70893163680739,105980.9720993042,ITB,2470
2019-10-18,106836.17188329696,100.70893163680739,106735.46295166016,ITB,2470
2019-10-21,106058.10643072128,100.70893163680739,105957.39749908447,ITB,2470
2019-10-22,106718.27061529159,100.70893163680739,106617.56168365479,ITB,2470
2019-10-23,106600.37876958847,100.70893163680739,106499.66983795166,ITB,2470
2019-10-24,107472.76146764755,100.70893163680739,107372.05253601074,ITB,2470
2019-10-25,107496.30780096054,100.70893163680739,107395.59886932373,ITB,2470
2019-10-28,105680.87513799667,100.70893163680739,105580.16620635986,ITB,2470
2019-10-29,105115.00935430526,100.70893163680739,105014.30042266846,ITB,2470
2019-10-30,105680.87513799667,100.70893163680739,105580.16620635986,ITB,2470
2019-10-31,105374.358223629,100.70893163680739,105273.64929199219,ITB,2470
2019-11-01,107331.2761771202,100.70893163680739,107230.5672454834,ITB,2470
2019-11-04,104667.02599401474,100.70893163680739,104566.31706237793,ITB,2470
2019-11-05,103747.50351781845,100.70893163680739,103646.79458618164,ITB,2470
2019-11-06,105209.31717748642,100.70893163680739,105108.60824584961,ITB,2470
2019-11-07,103110.91393346786,100.70893163680739,103010.20500183105,ITB,2470
2019-11-08,103629.61167211532,100.70893163680739,103528.90274047852,ITB,2470
2019-11-11,105209.31717748642,100.70893163680739,105108.60824584961,ITB,2470
2019-11-12,105845.9256064415,100.70893163680739,105745.21667480469,ITB,2470
2019-11-13,106364.60450048446,100.70893163680739,106263.89556884766,ITB,2470
2019-11-14,106954.01661748886,100.70893163680739,106853.30768585205,ITB,2470
2019-11-15,105987.36378545761,100.70893163680739,105886.6548538208,ITB,2470
2019-11-18,107071.93673009872,100.70893163680739,106971.22779846191,ITB,2470
2019-11-19,106317.46472234726,100.70893163680739,106216.75579071045,ITB,2470
2019-11-20,106506.07094640732,100.70893163680739,106405.36201477051,ITB,2470
2019-11-21,105515.8152472496,100.70893163680739,105415.1063156128,ITB,2470
2019-11-22,105586.54847021103,100.70893163680739,105485.83953857422,ITB,2470
2019-11-25,106859.74648351669,100.70893163680739,106759.03755187988,ITB,2470
2019-11-26,108297.97612066269,100.70893163680739,108197.26718902588,ITB,2470
2019-11-27,108062.17358465194,100.70893163680739,107961.46465301514,ITB,2470
2019-11-29,107449.18686742782,100.70893163680739,107348.47793579102,ITB,2470
2019-12-02,105505.69210612487,127.67289530944254,105378.01921081543,XLK,1279
2019-12-03,104571.93974864196,127.67289530944254,104444.26685333252,XLK,1279
2019-12-04,104996.38328349304,127.67289530944254,104868.7103881836,XLK,1279
2019-12-05,105384.43925273132,127.67289530944254,105256.76635742188,XLK,1279
2019-12-06,106548.53885447692,127.67289530944254,106420.86595916748,XLK,1279
2019-12-09,105990.73279368591,127.67289530944254,105863.05989837646,XLK,1279
2019-12-10,106075.62735545349,127.67289530944254,105947.95446014404,XLK,1279
2019-12-11,106791.06407725524,127.67289530944254,106663.3911819458,XLK,1279
2019-12-12,107930.93457591247,127.67289530944254,107803.26168060303,XLK,1279
2019-12-13,108646.40057170104,127.67289530944254,108518.7276763916,XLK,1279
2019-12-16,109616.50146281433,127.67289530944254,109488.82856750488,XLK,1279
2019-12-17,109361.86656748962,127.67289530944254,109234.19367218018,XLK,1279
2019-12-18,109349.73737895202,127.67289530944254,109222.06448364258,XLK,1279
2019-12-19,110137.91019999694,127.67289530944254,110010.2373046875,XLK,1279
2019-12-20,110776.66859233093,127.67289530944254,110648.99569702148,XLK,1279
2019-12-23,111092.9740198822,127.67289530944254,110965.30112457275,XLK,1279
2019-12-24,111129.43964945983,127.67289530944254,111001.76675415039,XLK,1279
2019-12-26,111956.74203288268,127.67289530944254,111829.06913757324,XLK,1279
2019-12-27,111944.60308634948,127.67289530944254,111816.93019104004,XLK,1279
2019-12-30,111299.7849787445,127.67289530944254,111172.11208343506,XLK,1279
2019-12-31,111652.60482585143,127.67289530944254,111524.93193054199,XLK,1279
2020-01-02,113745.10940348815,127.67289530944254,113617.43650817871,XLK,1279
2020-01-03,112467.72923075866,127.67289530944254,112340.05633544922,XLK,1279
2020-01-06,112735.35201823425,127.67289530944254,112607.6791229248,XLK,1279
2020-01-07,112686.68889414977,127.67289530944254,112559.01599884033,XLK,1279
2020-01-08,113891.1475657196,127.67289530944254,113763.47467041016,XLK,1279
2020-01-09,115180.71547496032,127.67289530944254,115053.04257965088,XLK,1279
2020-01-10,114913.08292948913,127.67289530944254,114785.41003417969,XLK,1279
2020-01-13,116348.65972697448,127.67289530944254,116220.98683166504,XLK,1279
2020-01-14,115801.19714152526,127.67289530944254,115673.52424621582,XLK,1279
2020-01-15,115935.00853526306,127.67289530944254,115807.33563995361,XLK,1279
2020-01-16,117492.24802195739,127.67289530944254,117364.57512664795,XLK,1279
2020-01-17,118283.00671183776,127.67289530944254,118155.33381652832,XLK,1279
2020-01-21,118234.3631037445,127.67289530944254,118106.69020843506,XLK,1279
2020-01-22,118660.17275798034,127.67289530944254,118532.4998626709,XLK,1279
2020-01-23,119219.80356394958,127.67289530944254,119092.13066864014,XLK,1279
2020-01-24,118660.17275798034,127.67289530944254,118532.4998626709,XLK,1279
2020-01-27,115837.6627711029,127.67289530944254,115709.98987579346,XLK,1279
2020-01-28,118051.86906993102,127.67289530944254,117924.19617462158,XLK,1279
2020-01-29,118356.03555094909,127.67289530944254,118228.36265563965,XLK,1279
2020-01-30,119377.95139872741,127.67289530944254,119250.27850341797,XLK,1279
2020-01-31,116105.33434855651,127.67289530944254,115977.66145324707,XLK,1279
2020-02-03,117638.24715220642,127.67289530944254,117510.57425689697,XLK,1279
2020-02-04,120716.20194804382,127.67289530944254,120588.52905273438,XLK,1279
2020-02-05,121421.82212626647,127.67289530944254,121294.14923095703,XLK,1279
2020-02-06,122528.94479167175,127.67289530944254,122401.2718963623,XLK,1279
2020-02-07,121409.67342173767,127.67289530944254,121282.00052642822,XLK,1279
2020-02-10,123052.07093608093,127.67289530944254,122924.39804077148,XLK,1279
2020-02-11,122638.4099863739,127.67289530944254,122510.73709106445,XLK,1279
2020-02-12,123964.5313471527,127.67289530944254,123836.85845184326,XLK,1279
2020-02-13,123636.018667099,127.67289530944254,123508.34577178955,XLK,1279
2020-02-14,124171.29351603698,127.67289530944254,124043.62062072754,XLK,1279
2020-02-18,123708.9987162323,127.67289530944254,123581.32582092285,XLK,1279
2020-02-19,125181.0801752777,127.67289530944254,125053.40727996826,XLK,1279
2020-02-20,123879.36356150817,127.67289530944254,123751.69066619873,XLK,1279
2020-02-21,121105.5166987152,127.67289530944254,120977.84380340576,XLK,1279
2020-02-24,116105.33434855651,127.67289530944254,115977.66145324707,XLK,1279
2020-02-25,112394.73942362976,127.67289530944254,112267.06652832031,XLK,1279
2020-02-26,112905.70710551452,127.67289530944254,112778.03421020508,XLK,1279
2020-02-27,106822.72877299499,127.67289530944254,106695.05587768555,XLK,1279
2020-02-28,107637.87269389343,127.67289530944254,107510.19979858398,XLK,1279
2020-03-02,113513.99433839417,128.92935884094913,113385.06497955322,ITB,2637
2020-03-03,114194.44946229554,128.92935884094913,114065.52010345459,ITB,2637
2020-03-04,119814.58186662293,128.92935884094913,119685.65250778198,ITB,2637
2020-03-05,115782.21832215882,128.92935884094913,115653.28896331787,ITB,2637
2020-03-06,112077.47796571351,128.92935884094913,111948.54860687256,ITB,2637
2020-03-09,101845.35182511903,128.92935884094913,101716.42246627808,ITB,2637
2020-03-10,106003.72893083192,128.92935884094913,105874.79957199097,ITB,2637
2020-03-11,97056.91697251893,128.92935884094913,96927.98761367798,ITB,2637
2020-03-12,84531.3782190094,128.92935884094913,84402.44886016846,ITB,2637
2020-03-13,86623.15102708436,128.92935884094913,86494.22166824341,ITB,2637
2020-03-16,69157.9903196106,128.92935884094913,69029.06096076965,ITB,2637
2020-03-17,68049.0820459137,128.92935884094913,67920.15268707275,ITB,2637
2020-03-18,61546.89495027161,128.92935884094913,61417.965591430664,ITB,2637
2020-03-19,65856.48933541871,128.92935884094913,65727.55997657776,ITB,2637
2020-03-20,64193.12441003419,128.92935884094913,64064.19505119324,ITB,2637
2020-03-23,60967.244639755256,128.92935884094913,60838.31528091431,ITB,2637
2020-03-24,71098.56093728638,128.92935884094913,70969.63157844543,ITB,2637
2020-03-25,77484.63287866212,128.92935884094913,77355.70351982117,ITB,2637
2020-03-26,80845.74561059571,128.92935884094913,80716.81625175476,ITB,2637
2020-03-27,77282.46495759583,128.92935884094913,77153.53559875488,ITB,2637
2020-03-30,76499.05734765626,128.92935884094913,76370.12798881531,ITB,2637
2020-03-31,73239.04618013001,128.92935884094913,73110.11682128906,ITB,2637
2020-04-01,67199.51657695581,67199.51657695581,0.0,ZROZ,0
2020-04-02,67199.51657695581,67199.51657695581,0.0,ZROZ,0
2020-04-03,67199.51657695581,67199.51657695581,0.0,ZROZ,0
2020-04-06,67199.51657695581,67199.51657695581,0.0,ZROZ,0
2020-04-07,67199.51657695581,67199.51657695581,0.0,ZROZ,0
2020-04-08,67199.51657695581,67199.51657695581,0.0,ZROZ,0
2020-04-09,67199.51657695581,67199.51657695581,0.0,ZROZ,0
2020-04-13,67199.51657695581,67199.51657695581,0.0,ZROZ,0
2020-04-14,67199.51657695581,67199.51657695581,0.0,ZROZ,0
2020-04-15,67199.51657695581,67199.51657695581,0.0,ZROZ,0
2020-04-16,67199.51657695581,67199.51657695581,0.0,ZROZ,0
2020-04-17,67199.51657695581,67199.51657695581,0.0,ZROZ,0
2020-04-20,67199.51657695581,67199.51657695581,0.0,ZROZ,0
2020-04-21,67199.51657695581,67199.51657695581,0.0,ZROZ,0
2020-04-22,67199.51657695581,67199.51657695581,0.0,ZROZ,0
2020-04-23,67199.51657695581,67199.51657695581,0.0,ZROZ,0
2020-04-24,67199.51657695581,67199.51657695581,0.0,ZROZ,0
2020-04-27,67199.51657695581,67199.51657695581,0.0,ZROZ,0
2020-04-28,67199.51657695581,67199.51657695581,0.0,ZROZ,0
2020-04-29,67199.51657695581,67199.51657695581,0.0,ZROZ,0
2020-04-30,67199.51657695581,67199.51657695581,0.0,ZROZ,0
2020-05-01,67199.51657695581,67199.51657695581,0.0,ZROZ,0
2020-05-04,67199.51657695581,67199.51657695581,0.0,ZROZ,0
2020-05-05,67199.51657695581,67199.51657695581,0.0,ZROZ,0
2020-05-06,67199.51657695581,67199.51657695581,0.0,ZROZ,0
2020-05-07,67199.51657695581,67199.51657695581,0.0,ZROZ,0
2020-05-08,67199.51657695581,67199.51657695581,0.0,ZROZ,0
2020-05-11,67199.51657695581,67199.51657695581,0.0,ZROZ,0
2020-05-12,67199.51657695581,67199.51657695581,0.0,ZROZ,0
2020-05-13,67199.51657695581,67199.51657695581,0.0,ZROZ,0
2020-05-14,67199.51657695581,67199.51657695581,0.0,ZROZ,0
2020-05-15,67199.51657695581,67199.51657695581,0.0,ZROZ,0
2020-05-18,67199.51657695581,67199.51657695581,0.0,ZROZ,0
2020-05-19,67199.51657695581,67199.51657695581,0.0,ZROZ,0
2020-05-20,67199.51657695581,67199.51657695581,0.0,ZROZ,0
2020-05-21,67199.51657695581,67199.51657695581,0.0,ZROZ,0
2020-05-22,67199.51657695581,67199.51657695581,0.0,ZROZ,0
2020-05-26,67199.51657695581,67199.51657695581,0.0,ZROZ,0
2020-05-27,67199.51657695581,67199.51657695581,0.0,ZROZ,0
2020-05-28,67199.51657695581,67199.51657695581,0.0,ZROZ,0
2020-05-29,67199.51657695581,67199.51657695581,0.0,ZROZ,0
2020-06-01,67199.51657695581,67199.51657695581,0.0,ZROZ,0
2020-06-02,67199.51657695581,67199.51657695581,0.0,ZROZ,0
2020-06-03,67199.51657695581,67199.51657695581,0.0,ZROZ,0
2020-06-04,67199.51657695581,67199.51657695581,0.0,ZROZ,0
2020-06-05,67199.51657695581,67199.51657695581,0.0,ZROZ,0
2020-06-08,67199.51657695581,67199.51657695581,0.0,ZROZ,0
2020-06-09,67199.51657695581,67199.51657695581,0.0,ZROZ,0
2020-06-10,67199.51657695581,67199.51657695581,0.0,ZROZ,0
2020-06-11,67199.51657695581,67199.51657695581,0.0,ZROZ,0
2020-06-12,67199.51657695581,67199.51657695581,0.0,ZROZ,0
2020-06-15,67199.51657695581,67199.51657695581,0.0,ZROZ,0
2020-06-16,67199.51657695581,67199.51657695581,0.0,ZROZ,0
2020-06-17,67199.51657695581,67199.51657695581,0.0,ZROZ,0
2020-06-18,67199.51657695581,67199.51657695581,0.0,ZROZ,0
2020-06-19,67199.51657695581,67199.51657695581,0.0,ZROZ,0
2020-06-22,67199.51657695581,67199.51657695581,0.0,ZROZ,0
2020-06-23,67199.51657695581,67199.51657695581,0.0,ZROZ,0
2020-06-24,67199.51657695581,67199.51657695581,0.0,ZROZ,0
2020-06-25,67199.51657695581,67199.51657695581,0.0,ZROZ,0
2020-06-26,67199.51657695581,67199.51657695581,0.0,ZROZ,0
2020-06-29,67199.51657695581,67199.51657695581,0.0,ZROZ,0
2020-06-30,67199.51657695581,67199.51657695581,0.0,ZROZ,0
2020-07-01,67199.51657695581,67199.51657695581,0.0,ZROZ,0
2020-07-02,67199.51657695581,67199.51657695581,0.0,ZROZ,0
2020-07-06,67199.51657695581,67199.51657695581,0.0,ZROZ,0
2020-07-07,67199.51657695581,67199.51657695581,0.0,ZROZ,0
2020-07-08,67199.51657695581,67199.51657695581,0.0,ZROZ,0
2020-07-09,67199.51657695581,67199.51657695581,0.0,ZROZ,0
2020-07-10,67199.51657695581,67199.51657695581,0.0,ZROZ,0
2020-07-13,67199.51657695581,67199.51657695581,0.0,ZROZ,0
2020-07-14,67199.51657695581,67199.51657695581,0.0,ZROZ,0
2020-07-15,67199.51657695581,67199.51657695581,0.0,ZROZ,0
2020-07-16,67199.51657695581,67199.51657695581,0.0,ZROZ,0
2020-07-17,67199.51657695581,67199.51657695581,0.0,ZROZ,0
2020-07-20,67199.51657695581,67199.51657695581,0.0,ZROZ,0
2020-07-21,67199.51657695581,67199.51657695581,0.0,ZROZ,0
2020-07-22,67199.51657695581,67199.51657695581,0.0,ZROZ,0
2020-07-23,67199.51657695581,67199.51657695581,0.0,ZROZ,0
2020-07-24,67199.51657695581,67199.51657695581,0.0,ZROZ,0
2020-07-27,67199.51657695581,67199.51657695581,0.0,ZROZ,0
2020-07-28,67199.51657695581,67199.51657695581,0.0,ZROZ,0
2020-07-29,67199.51657695581,67199.51657695581,0.0,ZROZ,0
2020-07-30,67199.51657695581,67199.51657695581,0.0,ZROZ,0
2020-07-31,67199.51657695581,67199.51657695581,0.0,ZROZ,0
2020-08-03,67099.10995949747,161.36498726846185,66937.744972229,XLK,617
2020-08-04,67270.66412819864,161.36498726846185,67109.29914093018,XLK,617
2020-08-05,67519.13146676065,161.36498726846185,67357.76647949219,XLK,617
2020-08-06,68465.67326058389,161.36498726846185,68304.30827331543,XLK,617
2020-08-07,67448.1495407963,161.36498726846185,67286.78455352783,XLK,617
2020-08-10,67258.82988442422,161.36498726846185,67097.46489715576,XLK,617
2020-08-11,66052.00063027383,161.36498726846185,65890.63564300537,XLK,617
2020-08-12,67548.72649086954,161.36498726846185,67387.36150360107,XLK,617
2020-08-13,67578.28856362344,161.36498726846185,67416.92357635498,XLK,617
2020-08-14,67530.96100319864,161.36498726846185,67369.59601593018,XLK,617
2020-08-17,67980.56341256143,161.36498726846185,67819.19842529297,XLK,617
2020-08-18,68234.94787301065,161.36498726846185,68073.58288574219,XLK,617
2020-08-19,68152.13170327188,161.36498726846185,67990.76671600342,XLK,617
2020-08-20,69057.24893654825,161.36498726846185,68895.88394927979,XLK,617
2020-08-21,69932.79468239786,161.36498726846185,69771.4296951294,XLK,617
2020-08-24,70536.20930947305,161.36498726846185,70374.84432220459,XLK,617
2020-08-25,70891.16130532266,161.36498726846185,70729.7963180542,XLK,617
2020-08-26,72328.70182503702,161.36498726846185,72167.33683776855,XLK,617
2020-08-27,72387.86833657266,161.36498726846185,72226.5033493042,XLK,617
2020-08-28,73020.86386574747,161.36498726846185,72859.498878479,XLK,617
2020-08-31,73251.57983864786,161.36498726846185,73090.2148513794,XLK,617
2020-09-01,74424.5204182377,114.73077590372122,74309.78964233398,ITB,1378
2020-09-02,74636.0744114628,114.73077590372122,74521.34363555908,ITB,1378
2020-09-03,71608.15827376749,114.73077590372122,71493.42749786377,ITB,1378
2020-09-04,70008.24867446329,114.73077590372122,69893.51789855957,ITB,1378
2020-09-08,69677.67880446817,114.73077590372122,69562.94802856445,ITB,1378
2020-09-09,71938.70186049845,114.73077590372122,71823.97108459473,ITB,1378
2020-09-10,71515.58861739542,114.73077590372122,71400.8578414917,ITB,1378
2020-09-11,72692.38497359659,114.73077590372122,72577.65419769287,ITB,1378
2020-09-14,73882.40706832315,114.73077590372122,73767.67629241943,ITB,1378
2020-09-15,73009.71859176065,114.73077590372122,72894.98781585693,ITB,1378
2020-09-16,74887.29510695841,114.73077590372122,74772.56433105469,ITB,1378
2020-09-17,73803.05789382364,114.73077590372122,73688.32711791992,ITB,1378
2020-09-18,73102.27773482706,114.73077590372122,72987.54695892334,ITB,1378
2020-09-21,71780.04030806925,114.73077590372122,71665.30953216553,ITB,1378
2020-09-22,74027.84288222696,114.73077590372122,73913.11210632324,ITB,1378
2020-09-23,71117.58114821817,114.73077590372122,71002.85037231445,ITB,1378
2020-09-24,71858.71137435343,114.73077590372122,71743.9805984497,ITB,1378
2020-09-25,71832.25464064981,114.73077590372122,71717.5238647461,ITB,1378
2020-09-28,74532.0767918339,114.73077590372122,74417.34601593018,ITB,1378
2020-09-29,73711.53956801798,114.73077590372122,73596.80879211426,ITB,1378
2020-09-30,75087.93628890421,114.73077590372122,74973.20551300049,ITB,1378
2020-10-01,76556.94471938517,114.73077590372122,76442.21394348145,ITB,1378
2020-10-02,76980.45746810343,114.73077590372122,76865.7266921997,ITB,1378
2020-10-05,76887.81947524454,114.73077590372122,76773.08869934082,ITB,1378
2020-10-06,75524.65900618937,114.73077590372122,75409.92823028564,ITB,1378
2020-10-07,76358.43248183634,114.73077590372122,76243.70170593262,ITB,1378
2020-10-08,78330.37642867472,114.73077590372122,78215.645652771,ITB,1378
2020-10-09,78952.39090163614,114.73077590372122,78837.66012573242,ITB,1378
2020-10-12,79375.88788039591,114.73077590372122,79261.15710449219,ITB,1378
2020-10-13,78687.68689162638,114.73077590372122,78572.95611572266,ITB,1378
2020-10-14,78555.35591323282,114.73077590372122,78440.6251373291,ITB,1378
2020-10-15,79494.98786361124,114.73077590372122,79380.25708770752,ITB,1378
2020-10-16,78661.22490126993,114.73077590372122,78546.49412536621,ITB,1378
2020-10-19,76953.98496444132,114.73077590372122,76839.2541885376,ITB,1378
2020-10-20,77589.2356892338,114.73077590372122,77474.50491333008,ITB,1378
2020-10-21,75273.20701796915,114.73077590372122,75158.47624206543,ITB,1378
2020-10-22,73367.44958693888,114.73077590372122,73252.71881103516,ITB,1378
2020-10-23,74955.5790272465,114.73077590372122,74840.84825134277,ITB,1378
2020-10-26,72216.05863387491,114.73077590372122,72101.32785797119,ITB,1378
2020-10-27,70958.77240950968,114.73077590372122,70844.04163360596,ITB,1378
2020-10-28,70508.80818374064,114.73077590372122,70394.07740783691,ITB,1378
2020-10-29,69939.7176914921,114.73077590372122,69824.98691558838,ITB,1378
2020-10-30,68960.37698562052,114.73077590372122,68845.6462097168,ITB,1378
2020-11-02,71117.58114821817,114.73077590372122,71002.85037231445,ITB,1378
2020-11-03,72282.23463637735,114.73077590372122,72167.50386047363,ITB,1378
2020-11-04,75961.39223678019,114.73077590372122,75846.66146087646,ITB,1378
2020-11-05,76027.57349593546,114.73077590372122,75912.84272003174,ITB,1378
2020-11-06,74068.87105758097,114.73077590372122,73954.14028167725,ITB,1378
2020-11-09,68907.44249160196,114.73077590372122,68792.71171569824,ITB,1378
2020-11-10,72321.91710860636,114.73077590372122,72207.18633270264,ITB,1378
2020-11-11,73499.79633529093,114.73077590372122,73385.0655593872,ITB,1378
2020-11-12,72123.40487105753,114.73077590372122,72008.67409515381,ITB,1378
2020-11-13,73671.83081252481,114.73077590372122,73557.1000366211,ITB,1378
2020-11-16,74558.54403884317,114.73077590372122,74443.81326293945,ITB,1378
2020-11-17,74492.3785496464,114.73077590372122,74377.64777374268,ITB,1378
2020-11-18,74505.61480147745,114.73077590372122,74390.88402557373,ITB,1378
2020-11-19,74902.63401992228,114.73077590372122,74787.90324401855,ITB,1378
2020-11-20,74545.32355697062,114.73077590372122,74430.5927810669,ITB,1378
2020-11-23,76477.53246505167,114.73077590372122,76362.80168914795,ITB,1378
2020-11-24,75154.10177810099,114.73077590372122,75039.37100219727,ITB,1378
2020-11-25,75273.20701796915,114.73077590372122,75158.47624206543,ITB,1378
2020-11-27,75484.9660206547,114.73077590372122,75370.23524475098,ITB,1378
2020-11-30,74135.04180343058,114.73077590372122,74020.31102752686,ITB,1378
2020-12-01,73115.99234206583,114.73077590372122,73001.26156616211,ITB,1378
2020-12-02,71196.9986592045,114.73077590372122,71082.26788330078,ITB,1378
2020-12-03,73393.91683394815,114.73077590372122,73279.18605804443,ITB,1378
2020-12-04,72533.6761112919,114.73077590372122,72418.94533538818,ITB,1378
2020-12-07,74121.80029494669,114.73077590372122,74007.06951904297,ITB,1378
2020-12-08,72308.68611342814,114.73077590372122,72193.95533752441,ITB,1378
2020-12-09,72599.84685714151,114.73077590372122,72485.1160812378,ITB,1378
2020-12-10,72718.95209700968,114.73077590372122,72604.22132110596,ITB,1378
2020-12-11,72586.61586196329,114.73077590372122,72471.88508605957,ITB,1378
2020-12-14,72927.21016890909,114.73077590372122,72812.47939300537,ITB,1378
2020-12-15,73828.42650039103,114.73077590372122,73713.6957244873,ITB,1378
2020-12-16,73815.16396529581,114.73077590372122,73700.43318939209,ITB,1378
2020-12-17,76691.10501296427,114.73077590372122,76576.37423706055,ITB,1378
2020-12-18,77035.68386275675,114.73077590372122,76920.95308685303,ITB,1378
2020-12-21,76545.29597670939,114.73077590372122,76430.56520080566,ITB,1378
2020-12-22,76850.13453109171,114.73077590372122,76735.40375518799,ITB,1378
2020-12-23,75750.12210280802,114.73077590372122,75635.3913269043,ITB,1378
2020-12-24,76982.66526229288,114.73077590372122,76867.93448638916,ITB,1378
2020-12-28,75498.31791884806,114.73077590372122,75383.58714294434,ITB,1378
2020-12-29,74954.94822890665,114.73077590372122,74840.21745300293,ITB,1378
2020-12-30,75140.4817906132,114.73077590372122,75025.75101470947,ITB,1378
2020-12-31,74066.9734059086,114.73077590372122,73952.24263000488,ITB,1378
2021-01-04,72550.53855986596,105.7619790554163,72444.77658081055,XRT,1228
2021-01-05,74169.55882353784,105.7619790554163,74063.79684448242,XRT,1228
2021-01-06,77213.73346037866,105.7619790554163,77107.97148132324,XRT,1228
2021-01-07,77760.99881072046,105.7619790554163,77655.23683166504,XRT,1228
2021-01-08,77818.02728362085,105.7619790554163,77712.26530456543,XRT,1228
2021-01-11,79471.211228323,105.7619790554163,79365.44924926758,XRT,1228
2021-01-12,81979.54588408471,105.7619790554163,81873.7839050293,XRT,1228
2021-01-13,81637.50621123315,105.7619790554163,81531.74423217773,XRT,1228
2021-01-14,84157.2147073269,105.7619790554163,84051.45272827148,XRT,1228
2021-01-15,82173.36961455346,105.7619790554163,82067.60763549805,XRT,1228
2021-01-19,82572.40965361596,105.7619790554163,82466.64767456055,XRT,1228
2021-01-20,82868.84153838159,105.7619790554163,82763.07955932617,XRT,1228
2021-01-21,83530.13572783471,105.7619790554163,83424.3737487793,XRT,1228
2021-01-22,85468.40113921167,105.7619790554163,85362.63916015625,XRT,1228
2021-01-25,86961.97187895776,105.7619790554163,86856.20989990234,XRT,1228
2021-01-26,92947.7317361355,105.7619790554163,92841.96975708008,XRT,1228
2021-01-27,104121.152634573,105.7619790554163,104015.39065551758,XRT,1228
2021-01-28,94703.53788847924,105.7619790554163,94597.77590942383,XRT,1228
2021-01-29,100449.88496489526,105.7619790554163,100344.12298583984,XRT,1228
2021-02-01,94680.75273222924,105.7619790554163,94574.99075317383,XRT,1228
2021-02-02,86916.34535307885,105.7619790554163,86810.58337402344,XRT,1228
2021-02-03,88375.75709624292,105.7619790554163,88269.9951171875,XRT,1228
2021-02-04,88079.30647368432,105.7619790554163,87973.5444946289,XRT,1228
2021-02-05,90017.54377837182,105.7619790554163,89911.7817993164,XRT,1228
2021-02-08,91397.1418923855,105.7619790554163,91291.37991333008,XRT,1228
2021-02-09,90906.87690825464,105.7619790554163,90801.11492919922,XRT,1228
2021-02-10,90838.43711943628,105.7619790554163,90732.67514038086,XRT,1228
2021-02-11,91328.71147246362,105.7619790554163,91222.9494934082,XRT,1228
2021-02-12,91328.71147246362,105.7619790554163,91222.9494934082,XRT,1228
2021-02-16,90941.06401152612,105.7619790554163,90835.3020324707,XRT,1228
2021-02-17,90234.19014067651,105.7619790554163,90128.4281616211,XRT,1228
2021-02-18,89025.63996977807,105.7619790554163,88919.87799072266,XRT,1228
2021-02-19,90348.20024199487,105.7619790554163,90242.43826293945,XRT,1228
2021-02-22,90428.02324004174,105.7619790554163,90322.26126098633,XRT,1228
2021-02-23,89037.03254790307,105.7619790554163,88931.27056884766,XRT,1228
2021-02-24,93745.82118315698,105.7619790554163,93640.05920410156,XRT,1228
2021-02-25,90872.68043608667,105.7619790554163,90766.91845703125,XRT,1228
2021-02-26,90473.6216592312,105.7619790554163,90367.85968017578,XRT,1228
2021-03-01,95091.20408720971,105.7619790554163,94985.4421081543,XRT,1228
2021-03-02,93460.79124541284,105.7619790554163,93355.02926635742,XRT,1228
2021-03-03,93118.74220366479,105.7619790554163,93012.98022460938,XRT,1228
2021-03-04,91328.71147246362,105.7619790554163,91222.9494934082,XRT,1228
2021-03-05,93232.76167387964,105.7619790554163,93126.99969482422,XRT,1228
2021-03-08,98910.70643706323,105.7619790554163,98804.94445800781,XRT,1228
2021-03-09,102878.38725371362,105.7619790554163,102772.6252746582,XRT,1228
2021-03-10,104885.04560942651,105.7619790554163,104779.2836303711,XRT,1228
2021-03-11,105922.56657500268,105.7619790554163,105816.80459594727,XRT,1228
2021-03-12,107723.98988432885,105.7619790554163,107618.22790527344,XRT,1228
2021-03-15,106629.44044585229,105.7619790554163,106523.67846679688,XRT,1228
2021-03-16,104485.96809477807,105.7619790554163,104380.20611572266,XRT,1228
2021-03-17,105363.88990874292,105.7619790554163,105258.1279296875,XRT,1228
2021-03-18,102570.55342192651,105.7619790554163,102464.7914428711,XRT,1228
2021-03-19,103813.31880278589,105.7619790554163,103707.55682373047,XRT,1228
2021-03-22,102941.88026518823,105.7619790554163,102836.11828613281,XRT,1228
2021-03-23,99709.68592925073,105.7619790554163,99603.92395019531,XRT,1228
2021-03-24,96260.49858183862,105.7619790554163,96154.7366027832,XRT,1228
2021-03-25,99207.15705962182,105.7619790554163,99101.3950805664,XRT,1228
2021-03-26,101468.5369729519,105.7619790554163,101362.77499389648,XRT,1228
2021-03-29,99515.50618071557,105.7619790554163,99409.74420166016,XRT,1228
2021-03-30,101514.23845000268,105.7619790554163,101408.47647094727,XRT,1228
2021-03-31,101993.90721220971,105.7619790554163,101888.1452331543,XRT,1228
2021-04-01,102336.55586333276,105.7619790554163,102230.79388427734,XRT,1228
2021-04-05,103432.99781889917,105.7619790554163,103327.23583984375,XRT,1228
2021-04-06,103809.86167998315,105.7619790554163,103704.09970092773,XRT,1228
2021-04-07,102964.71226592065,105.7619790554163,102858.95028686523,XRT,1228
2021-04-08,103798.45973296167,105.7619790554163,103692.69775390625,XRT,1228
2021-04-09,105420.22508330346,105.7619790554163,105314.46310424805,XRT,1228
2021-04-12,105945.65153594018,105.7619790554163,105839.88955688477,XRT,1228
2021-04-13,105146.16612334253,105.7619790554163,105040.40414428711,XRT,1228
2021-04-14,105408.86061186792,105.7619790554163,105303.0986328125,XRT,1228
2021-04-15,105751.490525198,105.7619790554163,105645.72854614258,XRT,1228
2021-04-16,106025.57759184839,105.7619790554163,105919.81561279297,XRT,1228
2021-04-19,104735.01210112573,105.7619790554163,104629.25012207031,XRT,1228
2021-04-20,102382.22923369409,105.7619790554163,102276.46725463867,XRT,1228
2021-04-21,104163.93101592065,105.7619790554163,104058.16903686523,XRT,1228
2021-04-22,104129.67833037378,105.7619790554163,104023.91635131836,XRT,1228
2021-04-23,106642.3226785183,105.7619790554163,106536.56069946289,XRT,1228
2021-04-26,105865.68800444604,105.7619790554163,105759.92602539062,XRT,1228
2021-04-27,107236.21702666284,105.7619790554163,107130.45504760742,XRT,1228
2021-04-28,107681.6893167019,105.7619790554163,107575.92733764648,XRT,1228
2021-04-29,107533.15483183862,105.7619790554163,107427.3928527832,XRT,1228
2021-04-30,106116.9524392605,105.7619790554163,106011.19046020508,XRT,1228
2021-05-03,108355.49098296167,105.7619790554163,108249.72900390625,XRT,1228
2021-05-04,107350.43324370385,105.7619790554163,107244.67126464844,XRT,1228
2021-05-05,107373.29335112573,105.7619790554163,107267.53137207031,XRT,1228
2021-05-06,107647.38041777612,105.7619790554163,107541.6184387207,XRT,1228
2021-05-07,108823.77653594018,105.7619790554163,108718.01455688477,XRT,1228
2021-05-10,107007.81269927026,105.7619790554163,106902.05072021484,XRT,1228
2021-05-11,106025.57759184839,105.7619790554163,105919.81561279297,XRT,1228
2021-05-12,100783.29588408471,105.7619790554163,100677.5339050293,XRT,1228
2021-05-13,102393.64054961206,105.7619790554163,102287.87857055664,XRT,1228
2021-05-14,106802.21226592065,105.7619790554163,106696.45028686523,XRT,1228
2021-05-17,108024.3098611355,105.7619790554163,107918.54788208008,XRT,1228
2021-05-18,106916.41911406518,105.7619790554163,106810.65713500977,XRT,1228
2021-05-19,104415.1954507351,105.7619790554163,104309.43347167969,XRT,1228
2021-05-20,103969.77000517846,105.7619790554163,103864.00802612305,XRT,1228
2021-05-21,104072.55616850854,105.7619790554163,103966.79418945312,XRT,1228
2021-05-24,104495.14961333276,105.7619790554163,104389.38763427734,XRT,1228
2021-05-25,104072.55616850854,105.7619790554163,103966.79418945312,XRT,1228
2021-05-26,107076.33680815698,105.7619790554163,106970.57482910156,XRT,1228
2021-05-27,108092.81523222924,105.7619790554163,107987.05325317383,XRT,1228
2021-05-28,106733.68815703393,105.7619790554163,106627.92617797852,XRT,1228
2021-06-01,108469.71656889917,105.7619790554163,108363.95458984375,XRT,1228
2021-06-02,109554.71910185815,105.7619790554163,109448.95712280273,XRT,1228
2021-06-03,107704.49321074487,105.7619790554163,107598.73123168945,XRT,1228
2021-06-04,107373.29335112573,105.7619790554163,107267.53137207031,XRT,1228
2021-06-07,108572.48399443628,105.7619790554163,108466.72201538086,XRT,1228
2021-06-08,110468.40199370385,105.7619790554163,110362.64001464844,XRT,1228
2021-06-09,109623.24321074487,105.7619790554163,109517.48123168945,XRT,1228
2021-06-10,108446.8470925808,105.7619790554163,108341.08511352539,XRT,1228
2021-06-11,110319.94246001245,105.7619790554163,110214.18048095703,XRT,1228
2021-06-14,109554.71910185815,105.7619790554163,109448.95712280273,XRT,1228
2021-06-15,107887.22416777612,105.7619790554163,107781.4621887207,XRT,1228
2021-06-16,108127.08665556909,105.7619790554163,108021.32467651367,XRT,1228
2021-06-17,106893.58711333276,105.7619790554163,106787.82513427734,XRT,1228
2021-06-18,104951.99574370385,105.7619790554163,104846.23376464844,XRT,1228
2021-06-21,107148.88954253198,105.7619790554163,107043.12756347656,XRT,1228
2021-06-22,109184.51652617456,105.7619790554163,109078.75454711914,XRT,1228
2021-06-23,110236.6810769558,105.7619790554163,110130.91909790039,XRT,1228
2021-06-24,111117.25428862573,105.7619790554163,111011.49230957031,XRT,1228
2021-06-25,111654.7572488308,105.7619790554163,111548.99526977539,XRT,1228
2021-06-28,110922.85905547143,105.7619790554163,110817.09707641602,XRT,1228
2021-06-29,110488.2827920437,105.7619790554163,110382.52081298828,XRT,1228
2021-06-30,111300.23820586206,105.7619790554163,111194.47622680664,XRT,1228
2021-07-01,112386.66481108667,105.7619790554163,112280.90283203125,XRT,1228
2021-07-02,111791.99284453393,105.7619790554163,111686.23086547852,XRT,1228
2021-07-06,109882.14329619409,105.7619790554163,109776.38131713867,XRT,1228
2021-07-07,108452.6089639187,105.7619790554163,108346.84698486328,XRT,1228
2021-07-08,107937.98484892846,105.7619790554163,107832.22286987305,XRT,1228
2021-07-09,112020.72508330346,105.7619790554163,111914.96310424805,XRT,1228
2021-07-12,112260.91548247339,105.7619790554163,112155.15350341797,XRT,1228
2021-07-13,110431.09504790307,105.7619790554163,110325.33306884766,XRT,1228
2021-07-14,109035.87898344995,105.7619790554163,108930.11700439453,XRT,1228
2021-07-15,107320.4246682644,105.7619790554163,107214.66268920898,XRT,1228
2021-07-16,105719.35521025659,105.7619790554163,105613.59323120117,XRT,1228
2021-07-19,104701.52766509057,105.7619790554163,104595.76568603516,XRT,1228
2021-07-20,108281.08320708276,105.7619790554163,108175.32122802734,XRT,1228
2021-07-21,110270.99934477807,105.7619790554163,110165.23736572266,XRT,1228
2021-07-22,109058.75782866479,105.7619790554163,108952.99584960938,XRT,1228
2021-07-23,110019.39762969018,105.7619790554163,109913.63565063477,XRT,1228
2021-07-26,110453.97389311792,105.7619790554163,110348.2119140625,XRT,1228
2021-07-27,108990.14003081323,105.7619790554163,108884.37805175781,XRT,1228
2021-07-28,109058.75782866479,105.7619790554163,108952.99584960938,XRT,1228
2021-07-29,109985.06062407495,105.7619790554163,109879.29864501953,XRT,1228
2021-07-30,109058.75782866479,105.7619790554163,108952.99584960938,XRT,1228
2021-08-02,109035.87898344995,105.7619790554163,108930.11700439453,XRT,1228
2021-08-03,110087.99668974878,105.7619790554163,109982.23471069336,XRT,1228
2021-08-04,107057.41163725854,105.7619790554163,106951.64965820312,XRT,1228
2021-08-05,108349.69163603784,105.7619790554163,108243.92965698242,XRT,1228
2021-08-06,108738.49147124292,105.7619790554163,108632.7294921875,XRT,1228
2021-08-09,108647.04167265893,105.7619790554163,108541.27969360352,XRT,1228
2021-08-10,111197.31150908471,105.7619790554163,111091.5495300293,XRT,1228
2021-08-11,111631.88777251245,105.7619790554163,111526.12579345703,XRT,1228
2021-08-12,110751.31456084253,105.7619790554163,110645.55258178711,XRT,1228
2021-08-13,109504.76414580346,105.7619790554163,109399.00216674805,XRT,1228
2021-08-16,109561.96125884057,105.7619790554163,109456.19927978516,XRT,1228
2021-08-17,106428.41203398706,105.7619790554163,106322.65005493164,XRT,1228
2021-08-18,105959.52687163354,105.7619790554163,105853.76489257812,XRT,1228
2021-08-19,106199.68916411401,105.7619790554163,106093.9271850586,XRT,1228
2021-08-20,107937.98484892846,105.7619790554163,107832.22286987305,XRT,1228
2021-08-23,109035.87898344995,105.7619790554163,108930.11700439453,XRT,1228
2021-08-24,111345.99589629174,105.7619790554163,111240.23391723633,XRT,1228
2021-08-25,111220.19972319604,105.7619790554163,111114.43774414062,XRT,1228
2021-08-26,109230.27421660424,105.7619790554163,109124.51223754883,XRT,1228
2021-08-27,110110.87553496362,105.7619790554163,110005.1135559082,XRT,1228
2021-08-30,110305.29887480737,105.7619790554163,110199.53689575195,XRT,1228
2021-08-31,109859.28318877221,105.7619790554163,109753.5212097168,XRT,1228
2021-09-01,110671.23860259057,105.7619790554163,110565.47662353516,XRT,1228
2021-09-02,109859.28318877221,105.7619790554163,109753.5212097168,XRT,1228
2021-09-03,109481.88530058862,105.7619790554163,109376.1233215332,XRT,1228
2021-09-07,108063.79975981714,105.7619790554163,107958.03778076172,XRT,1228
2021-09-08,106851.5301370144,105.7619790554163,106745.76815795898,XRT,1228
2021-09-09,107892.25526518823,105.7619790554163,107786.49328613281,XRT,1228
2021-09-10,106291.17643828393,105.7619790554163,106185.41445922852,XRT,1228
2021-09-13,105890.92781157495,105.7619790554163,105785.16583251953,XRT,1228
2021-09-14,104918.82048125268,105.7619790554163,104813.05850219727,XRT,1228
2021-09-15,106394.10313506128,105.7619790554163,106288.34115600586,XRT,1228
2021-09-16,107892.25526518823,105.7619790554163,107786.49328613281,XRT,1228
2021-09-17,108040.90217680932,105.7619790554163,107935.1401977539,XRT,1228
2021-09-20,106159.3373269558,105.7619790554163,106053.57534790039,XRT,1228
2021-09-21,105930.15538115503,105.7619790554163,105824.39340209961,XRT,1228
2021-09-22,108061.56059355737,105.7619790554163,107955.79861450195,XRT,1228
2021-09-23,109310.57502837182,105.7619790554163,109204.8130493164,XRT,1228
2021-09-24,108920.95073027612,105.7619790554163,108815.1887512207,XRT,1228
2021-09-27,110823.17399687768,105.7619790554163,110717.41201782227,XRT,1228
2021-09-28,108691.7875222683,105.7619790554163,108586.02554321289,XRT,1228
2021-09-29,108760.5645913601,105.7619790554163,108654.80261230469,XRT,1228
2021-09-30,103603.98017973901,105.7619790554163,103498.2182006836,XRT,1228
2021-10-01,104276.57716524316,180.00193941307953,104096.57522583008,XLK,709
2021-10-04,101865.9490371914,180.00193941307953,101685.94709777832,XLK,709
2021-10-05,103315.05217134667,180.00193941307953,103135.0502319336,XLK,709
2021-10-06,103988.1023575039,180.00193941307953,103808.10041809082,XLK,709
2021-10-07,104935.87706148339,180.00193941307953,104755.87512207031,XLK,709
2021-10-08,104544.41031038476,180.00193941307953,104364.40837097168,XLK,709
2021-10-11,103967.49315035058,180.00193941307953,103787.4912109375,XLK,709
2021-10-12,103431.81604158593,180.00193941307953,103251.81410217285,XLK,709
2021-10-13,104063.64781343652,180.00193941307953,103883.64587402344,XLK,709
2021-10-14,106405.60022127343,180.00193941307953,106225.59828186035,XLK,709
2021-10-15,107257.23108064843,180.00193941307953,107077.22914123535,XLK,709
2021-10-18,108163.79818880273,180.00193941307953,107983.79624938965,XLK,709
2021-10-19,109235.18486177636,180.00193941307953,109055.18292236328,XLK,709
2021-10-20,108932.99221956445,180.00193941307953,108752.99028015137,XLK,709
2021-10-21,109351.93791353417,180.00193941307953,109171.9359741211,XLK,709
2021-10-22,108974.19981538964,180.00193941307953,108794.19787597656,XLK,709
2021-10-25,109331.31788789941,180.00193941307953,109151.31594848633,XLK,709
2021-10-26,109640.41272127343,180.00193941307953,109460.41078186035,XLK,709
2021-10-27,109544.26887666894,180.00193941307953,109364.26693725586,XLK,709
2021-10-28,110643.12367403222,180.00193941307953,110463.12173461914,XLK,709
2021-10-29,111116.98397981835,180.00193941307953,110936.98204040527,XLK,709
2021-11-01,110620.24120346832,117.46416107940604,110502.77704238892,XLF,2943
2021-11-02,110894.58694855499,117.46416107940604,110777.12278747559,XLF,2943
2021-11-03,111306.09995285797,117.46416107940604,111188.63579177856,XLF,2943
2021-11-04,109852.09107987213,117.46416107940604,109734.62691879272,XLF,2943
2021-11-05,109906.97819153595,117.46416107940604,109789.51403045654,XLF,2943
2021-11-08,110510.5118867569,117.46416107940604,110393.04772567749,XLF,2943
2021-11-09,109906.97819153595,117.46416107940604,109789.51403045654,XLF,2943
2021-11-10,109714.92382065582,117.46416107940604,109597.45965957642,XLF,2943
2021-11-11,110016.71873490143,117.46416107940604,109899.25457382202,XLF,2943
2021-11-12,110263.59285752106,117.46416107940604,110146.12869644165,XLF,2943
2021-11-15,110263.59285752106,117.46416107940604,110146.12869644165,XLF,2943
2021-11-16,110153.87476746368,117.46416107940604,110036.41060638428,XLF,2943
2021-11-17,108891.90903870392,117.46416107940604,108774.44487762451,XLF,2943
2021-11-18,108343.25122849274,117.46416107940604,108225.78706741333,XLF,2943
2021-11-19,107163.62178055572,117.46416107940604,107046.15761947632,XLF,2943
2021-11-22,108672.47285858917,117.46416107940604,108555.00869750977,XLF,2943
2021-11-23,110373.33340088653,117.46416107940604,110255.86923980713,XLF,2943
2021-11-24,110126.44805161285,117.46416107940604,110008.98389053345,XLF,2943
2021-11-26,106477.77425782013,117.46416107940604,106360.31009674072,XLF,2943
2021-11-29,106806.9622079544,117.46416107940604,106689.498046875,XLF,2943
2021-11-30,104255.6152612381,117.46416107940604,104138.15110015869,XLF,2943
2021-12-01,102794.96187471772,147.14061998749094,102647.82125473022,XLE,2203
2021-12-02,105778.81572222138,147.14061998749094,105631.67510223389,XLE,2203
2021-12-03,104942.56416963959,147.14061998749094,104795.4235496521,XLE,2203
2021-12-06,106501.00279497528,147.14061998749094,106353.8621749878,XLE,2203
2021-12-07,108990.69768404389,147.14061998749094,108843.5570640564,XLE,2203
2021-12-08,108971.68833803559,147.14061998749094,108824.5477180481,XLE,2203
2021-12-09,108135.45359300995,147.14061998749094,107988.31297302246,XLE,2203
2021-12-10,108933.67804979706,147.14061998749094,108786.53742980957,XLE,2203
2021-12-13,105911.82231783295,147.14061998749094,105764.68169784546,XLE,2203
2021-12-14,105474.70820497895,147.14061998749094,105327.56758499146,XLE,2203
2021-12-15,104961.57351564789,147.14061998749094,104814.4328956604,XLE,2203
2021-12-16,105626.74095415497,147.14061998749094,105479.60033416748,XLE,2203
2021-12-17,103479.15546678925,147.14061998749094,103332.01484680176,XLE,2203
2021-12-20,102198.91551088715,147.14061998749094,102051.77489089966,XLE,2203
2021-12-21,105105.90840410614,147.14061998749094,104958.76778411865,XLE,2203
2021-12-22,105779.71492647553,147.14061998749094,105632.57430648804,XLE,2203
2021-12-23,105837.44888185883,147.14061998749094,105690.30826187134,XLE,2203
2021-12-27,108147.63066744232,147.14061998749094,108000.49004745483,XLE,2203
2021-12-28,108070.62684893036,147.14061998749094,107923.48622894287,XLE,2203
2021-12-29,107377.56727098847,147.14061998749094,107230.42665100098,XLE,2203
2021-12-30,106723.03061174774,147.14061998749094,106575.88999176025,XLE,2203
2021-12-31,106992.52296709442,147.14061998749094,106845.38234710693,XLE,2203
2022-01-03,109973.81649012948,149.45166774178506,109824.3648223877,ITB,1409
2022-01-04,111239.58592982675,149.45166774178506,111090.13426208496,ITB,1409
2022-01-05,108585.50988765145,149.45166774178506,108436.05821990967,ITB,1409
2022-01-06,107428.6038436451,149.45166774178506,107279.15217590332,ITB,1409
2022-01-07,102569.61135859872,149.45166774178506,102420.15969085693,ITB,1409
2022-01-10,102950.70311732675,149.45166774178506,102801.25144958496,ITB,1409
2022-01-11,105087.57321925546,149.45166774178506,104938.12155151367,ITB,1409
2022-01-12,105182.85959620858,149.45166774178506,105033.4079284668,ITB,1409
2022-01-13,106244.4792632618,149.45166774178506,106095.02759552002,ITB,1409
2022-01-14,104529.52872462655,149.45166774178506,104380.07705688477,ITB,1409
2022-01-18,100337.45487971688,149.45166774178506,100188.0032119751,ITB,1409
2022-01-19,97778.6867141285,149.45166774178506,97629.23504638672,ITB,1409
2022-01-20,95492.07166285897,149.45166774178506,95342.61999511719,ITB,1409
2022-01-21,94403.21195979501,149.45166774178506,94253.76029205322,ITB,1409
2022-01-24,97982.81498713876,149.45166774178506,97833.36331939697,ITB,1409
2022-01-25,96104.55323024179,149.45166774178506,95955.1015625,ITB,1409
2022-01-26,93055.7546615162,149.45166774178506,92906.30299377441,ITB,1409
2022-01-27,91681.08957667733,149.45166774178506,91531.63790893555,ITB,1409
2022-01-28,93872.39675135995,149.45166774178506,93722.94508361816,ITB,1409
2022-01-31,96254.26593013192,149.45166774178506,96104.81426239014,ITB,1409
2022-02-01,96264.92897375871,153.77540549088735,96111.15356826782,XLE,1611
2022-02-02,96574.64259299089,153.77540549088735,96420.8671875,XLE,1611
2022-02-03,95659.55644186784,153.77540549088735,95505.78103637695,XLE,1611
2022-02-04,97151.85654791642,153.77540549088735,96998.08114242554,XLE,1611
2022-02-07,98390.73560675432,153.77540549088735,98236.96020126343,XLE,1611
2022-02-08,96279.02055319597,153.77540549088735,96125.24514770508,XLE,1611
2022-02-09,97081.48468741227,153.77540549088735,96927.70928192139,XLE,1611
2022-02-10,96476.09371908952,153.77540549088735,96322.31831359863,XLE,1611
2022-02-11,99277.65703543474,153.77540549088735,99123.88162994385,XLE,1611
2022-02-14,96940.67336615373,153.77540549088735,96786.89796066284,XLE,1611
2022-02-15,95927.0629230385,153.77540549088735,95773.28751754761,XLE,1611
2022-02-16,96701.34389838029,153.77540549088735,96547.5684928894,XLE,1611
2022-02-17,96546.50859793474,153.77540549088735,96392.73319244385,XLE,1611
2022-02-18,95955.22764548112,153.77540549088735,95801.45223999023,XLE,1611
2022-02-22,94406.60424002458,153.77540549088735,94252.82883453369,XLE,1611
2022-02-23,95378.01369055558,153.77540549088735,95224.2382850647,XLE,1611
2022-02-24,94631.87285574724,153.77540549088735,94478.09745025635,XLE,1611
2022-02-25,97123.6856799965,153.77540549088735,96969.91027450562,XLE,1611
2022-02-28,99516.961921299,153.77540549088735,99363.1865158081,XLE,1611
2022-03-01,100516.50536688615,153.77540549088735,100362.72996139526,XLE,1611
2022-03-02,102811.23273428727,153.77540549088735,102657.45732879639,XLE,1611
2022-03-03,103092.82464941789,153.77540549088735,102939.049243927,XLE,1611
2022-03-04,106063.27182730485,153.77540549088735,105909.49642181396,XLE,1611
2022-03-07,107625.95608481218,153.77540549088735,107472.18067932129,XLE,1611
2022-03-08,109315.33550223161,153.77540549088735,109161.56009674072,XLE,1611
2022-03-09,105978.84526022722,153.77540549088735,105825.06985473633,XLE,1611
2022-03-10,109216.77433737565,153.77540549088735,109062.99893188477,XLE,1611
2022-03-11,108343.9321971779,153.77540549088735,108190.15679168701,XLE,1611
2022-03-14,105105.97853812028,153.77540549088735,104952.2031326294,XLE,1611
2022-03-15,101262.6400562172,153.77540549088735,101108.86465072632,XLE,1611
2022-03-16,100798.07270010759,153.77540549088735,100644.2972946167,XLE,1611
2022-03-17,104261.25810202409,153.77540549088735,104107.4826965332,XLE,1611
2022-03-18,104162.7338100319,153.77540549088735,104008.95840454102,XLE,1611
2022-03-21,108355.48569449235,153.77540549088735,108201.71028900146,XLE,1611
2022-03-22,107559.62180289079,153.77540549088735,107405.8463973999,XLE,1611
2022-03-23,109407.24726065446,153.77540549088735,109253.47185516357,XLE,1611
2022-03-24,109677.30411490251,153.77540549088735,109523.52870941162,XLE,1611
2022-03-25,112079.25162466813,153.77540549088735,111925.47621917725,XLE,1611
2022-03-28,109307.78885611345,153.77540549088735,109154.01345062256,XLE,1611
2022-03-29,109023.49907645036,153.77540549088735,108869.72367095947,XLE,1611
2022-03-30,110288.43495901872,153.77540549088735,110134.65955352783,XLE,1611
2022-03-31,108796.10412558366,153.77540549088735,108642.32872009277,XLE,1611
2022-04-01,109513.01882183838,109513.01882183838,0.0,GLD,0
2022-04-04,109513.01882183838,109513.01882183838,0.0,GLD,0
2022-04-05,109513.01882183838,109513.01882183838,0.0,GLD,0
2022-04-06,109513.01882183838,109513.01882183838,0.0,GLD,0
2022-04-07,109513.01882183838,109513.01882183838,0.0,GLD,0
2022-04-08,109513.01882183838,109513.01882183838,0.0,GLD,0
2022-04-11,109513.01882183838,109513.01882183838,0.0,GLD,0
2022-04-12,109513.01882183838,109513.01882183838,0.0,GLD,0
2022-04-13,109513.01882183838,109513.01882183838,0.0,GLD,0
2022-04-14,109513.01882183838,109513.01882183838,0.0,GLD,0
2022-04-18,109513.01882183838,109513.01882183838,0.0,GLD,0
2022-04-19,109513.01882183838,109513.01882183838,0.0,GLD,0
2022-04-20,109513.01882183838,109513.01882183838,0.0,GLD,0
2022-04-21,109513.01882183838,109513.01882183838,0.0,GLD,0
2022-04-22,109513.01882183838,109513.01882183838,0.0,GLD,0
2022-04-25,109513.01882183838,109513.01882183838,0.0,GLD,0
2022-04-26,109513.01882183838,109513.01882183838,0.0,GLD,0
2022-04-27,109513.01882183838,109513.01882183838,0.0,GLD,0
2022-04-28,109513.01882183838,109513.01882183838,0.0,GLD,0
2022-04-29,109513.01882183838,109513.01882183838,0.0,GLD,0
2022-05-02,109513.01882183838,109513.01882183838,0.0,GLD,0
2022-05-03,109513.01882183838,109513.01882183838,0.0,GLD,0
2022-05-04,109513.01882183838,109513.01882183838,0.0,GLD,0
2022-05-05,109513.01882183838,109513.01882183838,0.0,GLD,0
2022-05-06,109513.01882183838,109513.01882183838,0.0,GLD,0
2022-05-09,109513.01882183838,109513.01882183838,0.0,GLD,0
2022-05-10,109513.01882183838,109513.01882183838,0.0,GLD,0
2022-05-11,109513.01882183838,109513.01882183838,0.0,GLD,0
2022-05-12,109513.01882183838,109513.01882183838,0.0,GLD,0
2022-05-13,109513.01882183838,109513.01882183838,0.0,GLD,0
2022-05-16,109513.01882183838,109513.01882183838,0.0,GLD,0
2022-05-17,109513.01882183838,109513.01882183838,0.0,GLD,0
2022-05-18,109513.01882183838,109513.01882183838,0.0,GLD,0
2022-05-19,109513.01882183838,109513.01882183838,0.0,GLD,0
2022-05-20,109513.01882183838,109513.01882183838,0.0,GLD,0
2022-05-23,109513.01882183838,109513.01882183838,0.0,GLD,0
2022-05-24,109513.01882183838,109513.01882183838,0.0,GLD,0
2022-05-25,109513.01882183838,109513.01882183838,0.0,GLD,0
2022-05-26,109513.01882183838,109513.01882183838,0.0,GLD,0
2022-05-27,109513.01882183838,109513.01882183838,0.0,GLD,0
2022-05-31,109513.01882183838,109513.01882183838,0.0,GLD,0
2022-06-01,109513.01882183838,109513.01882183838,0.0,IEI,0
2022-06-02,109513.01882183838,109513.01882183838,0.0,IEI,0
2022-06-03,109513.01882183838,109513.01882183838,0.0,IEI,0
2022-06-06,109513.01882183838,109513.01882183838,0.0,IEI,0
2022-06-07,109513.01882183838,109513.01882183838,0.0,IEI,0
2022-06-08,109513.01882183838,109513.01882183838,0.0,IEI,0
2022-06-09,109513.01882183838,109513.01882183838,0.0,IEI,0
2022-06-10,109513.01882183838,109513.01882183838,0.0,IEI,0
2022-06-13,109513.01882183838,109513.01882183838,0.0,IEI,0
2022-06-14,109513.01882183838,109513.01882183838,0.0,IEI,0
2022-06-15,109513.01882183838,109513.01882183838,0.0,IEI,0
2022-06-16,109513.01882183838,109513.01882183838,0.0,IEI,0
2022-06-17,109513.01882183838,109513.01882183838,0.0,IEI,0
2022-06-21,109513.01882183838,109513.01882183838,0.0,IEI,0
2022-06-22,109513.01882183838,109513.01882183838,0.0,IEI,0
2022-06-23,109513.01882183838,109513.01882183838,0.0,IEI,0
2022-06-24,109513.01882183838,109513.01882183838,0.0,IEI,0
2022-06-27,109513.01882183838,109513.01882183838,0.0,IEI,0
2022-06-28,109513.01882183838,109513.01882183838,0.0,IEI,0
2022-06-29,109513.01882183838,109513.01882183838,0.0,IEI,0
2022-06-30,109513.01882183838,109513.01882183838,0.0,IEI,0
2022-07-01,109513.01882183838,109513.01882183838,0.0,VGSH,0
2022-07-05,109513.01882183838,109513.01882183838,0.0,VGSH,0
2022-07-06,109513.01882183838,109513.01882183838,0.0,VGSH,0
2022-07-07,109513.01882183838,109513.01882183838,0.0,VGSH,0
2022-07-08,109513.01882183838,109513.01882183838,0.0,VGSH,0
2022-07-11,109513.01882183838,109513.01882183838,0.0,VGSH,0
2022-07-12,109513.01882183838,109513.01882183838,0.0,VGSH,0
2022-07-13,109513.01882183838,109513.01882183838,0.0,VGSH,0
2022-07-14,109513.01882183838,109513.01882183838,0.0,VGSH,0
2022-07-15,109513.01882183838,109513.01882183838,0.0,VGSH,0
2022-07-18,109513.01882183838,109513.01882183838,0.0,VGSH,0
2022-07-19,109513.01882183838,109513.01882183838,0.0,VGSH,0
2022-07-20,109513.01882183838,109513.01882183838,0.0,VGSH,0
2022-07-21,109513.01882183838,109513.01882183838,0.0,VGSH,0
2022-07-22,109513.01882183838,109513.01882183838,0.0,VGSH,0
2022-07-25,109513.01882183838,109513.01882183838,0.0,VGSH,0
2022-07-26,109513.01882183838,109513.01882183838,0.0,VGSH,0
2022-07-27,109513.01882183838,109513.01882183838,0.0,VGSH,0
2022-07-28,109513.01882183838,109513.01882183838,0.0,VGSH,0
2022-07-29,109513.01882183838,109513.01882183838,0.0,VGSH,0
2022-08-01,109513.01882183838,109513.01882183838,0.0,VGSH,0
2022-08-02,109513.01882183838,109513.01882183838,0.0,VGSH,0
2022-08-03,109513.01882183838,109513.01882183838,0.0,VGSH,0
2022-08-04,109513.01882183838,109513.01882183838,0.0,VGSH,0
2022-08-05,109513.01882183838,109513.01882183838,0.0,VGSH,0
2022-08-08,109513.01882183838,109513.01882183838,0.0,VGSH,0
2022-08-09,109513.01882183838,109513.01882183838,0.0,VGSH,0
2022-08-10,109513.01882183838,109513.01882183838,0.0,VGSH,0
2022-08-11,109513.01882183838,109513.01882183838,0.0,VGSH,0
2022-08-12,109513.01882183838,109513.01882183838,0.0,VGSH,0
2022-08-15,109513.01882183838,109513.01882183838,0.0,VGSH,0
2022-08-16,109513.01882183838,109513.01882183838,0.0,VGSH,0
2022-08-17,109513.01882183838,109513.01882183838,0.0,VGSH,0
2022-08-18,109513.01882183838,109513.01882183838,0.0,VGSH,0
2022-08-19,109513.01882183838,109513.01882183838,0.0,VGSH,0
2022-08-22,109513.01882183838,109513.01882183838,0.0,VGSH,0
2022-08-23,109513.01882183838,109513.01882183838,0.0,VGSH,0
2022-08-24,109513.01882183838,109513.01882183838,0.0,VGSH,0
2022-08-25,109513.01882183838,109513.01882183838,0.0,VGSH,0
2022-08-26,109513.01882183838,109513.01882183838,0.0,VGSH,0
2022-08-29,109513.01882183838,109513.01882183838,0.0,VGSH,0
2022-08-30,109513.01882183838,109513.01882183838,0.0,VGSH,0
2022-08-31,109513.01882183838,109513.01882183838,0.0,VGSH,0
2022-09-01,109513.01882183838,109513.01882183838,0.0,VGSH,0
2022-09-02,109513.01882183838,109513.01882183838,0.0,VGSH,0
2022-09-06,109513.01882183838,109513.01882183838,0.0,VGSH,0
2022-09-07,109513.01882183838,109513.01882183838,0.0,VGSH,0
2022-09-08,109513.01882183838,109513.01882183838,0.0,VGSH,0
2022-09-09,109513.01882183838,109513.01882183838,0.0,VGSH,0
2022-09-12,109513.01882183838,109513.01882183838,0.0,VGSH,0
2022-09-13,109513.01882183838,109513.01882183838,0.0,VGSH,0
2022-09-14,109513.01882183838,109513.01882183838,0.0,VGSH,0
2022-09-15,109513.01882183838,109513.01882183838,0.0,VGSH,0
2022-09-16,109513.01882183838,109513.01882183838,0.0,VGSH,0
2022-09-19,109513.01882183838,109513.01882183838,0.0,VGSH,0
2022-09-20,109513.01882183838,109513.01882183838,0.0,VGSH,0
2022-09-21,109513.01882183838,109513.01882183838,0.0,VGSH,0
2022-09-22,109513.01882183838,109513.01882183838,0.0,VGSH,0
2022-09-23,109513.01882183838,109513.01882183838,0.0,VGSH,0
2022-09-26,109513.01882183838,109513.01882183838,0.0,VGSH,0
2022-09-27,109513.01882183838,109513.01882183838,0.0,VGSH,0
2022-09-28,109513.01882183838,109513.01882183838,0.0,VGSH,0
2022-09-29,109513.01882183838,109513.01882183838,0.0,VGSH,0
2022-09-30,109513.01882183838,109513.01882183838,0.0,VGSH,0
2022-10-03,109513.01882183838,109513.01882183838,0.0,VGSH,0
2022-10-04,109513.01882183838,109513.01882183838,0.0,VGSH,0
2022-10-05,109513.01882183838,109513.01882183838,0.0,VGSH,0
2022-10-06,109513.01882183838,109513.01882183838,0.0,VGSH,0
2022-10-07,109513.01882183838,109513.01882183838,0.0,VGSH,0
2022-10-10,109513.01882183838,109513.01882183838,0.0,VGSH,0
2022-10-11,109513.01882183838,109513.01882183838,0.0,VGSH,0
2022-10-12,109513.01882183838,109513.01882183838,0.0,VGSH,0
2022-10-13,109513.01882183838,109513.01882183838,0.0,VGSH,0
2022-10-14,109513.01882183838,109513.01882183838,0.0,VGSH,0
2022-10-17,109513.01882183838,109513.01882183838,0.0,VGSH,0
2022-10-18,109513.01882183838,109513.01882183838,0.0,VGSH,0
2022-10-19,109513.01882183838,109513.01882183838,0.0,VGSH,0
2022-10-20,109513.01882183838,109513.01882183838,0.0,VGSH,0
2022-10-21,109513.01882183838,109513.01882183838,0.0,VGSH,0
2022-10-24,109513.01882183838,109513.01882183838,0.0,VGSH,0
2022-10-25,109513.01882183838,109513.01882183838,0.0,VGSH,0
2022-10-26,109513.01882183838,109513.01882183838,0.0,VGSH,0
2022-10-27,109513.01882183838,109513.01882183838,0.0,VGSH,0
2022-10-28,109513.01882183838,109513.01882183838,0.0,VGSH,0
2022-10-31,109513.01882183838,109513.01882183838,0.0,VGSH,0
2022-11-01,109513.01882183838,109513.01882183838,0.0,VGSH,0
2022-11-02,109513.01882183838,109513.01882183838,0.0,VGSH,0
2022-11-03,109513.01882183838,109513.01882183838,0.0,VGSH,0
2022-11-04,109513.01882183838,109513.01882183838,0.0,VGSH,0
2022-11-07,109513.01882183838,109513.01882183838,0.0,VGSH,0
2022-11-08,109513.01882183838,109513.01882183838,0.0,VGSH,0
2022-11-09,109513.01882183838,109513.01882183838,0.0,VGSH,0
2022-11-10,109513.01882183838,109513.01882183838,0.0,VGSH,0
2022-11-11,109513.01882183838,109513.01882183838,0.0,VGSH,0
2022-11-14,109513.01882183838,109513.01882183838,0.0,VGSH,0
2022-11-15,109513.01882183838,109513.01882183838,0.0,VGSH,0
2022-11-16,109513.01882183838,109513.01882183838,0.0,VGSH,0
2022-11-17,109513.01882183838,109513.01882183838,0.0,VGSH,0
2022-11-18,109513.01882183838,109513.01882183838,0.0,VGSH,0
2022-11-21,109513.01882183838,109513.01882183838,0.0,VGSH,0
2022-11-22,109513.01882183838,109513.01882183838,0.0,VGSH,0
2022-11-23,109513.01882183838,109513.01882183838,0.0,VGSH,0
2022-11-25,109513.01882183838,109513.01882183838,0.0,VGSH,0
2022-11-28,109513.01882183838,109513.01882183838,0.0,VGSH,0
2022-11-29,109513.01882183838,109513.01882183838,0.0,VGSH,0
2022-11-30,109513.01882183838,109513.01882183838,0.0,VGSH,0
2022-12-01,109513.01882183838,109513.01882183838,0.0,VGSH,0
2022-12-02,109513.01882183838,109513.01882183838,0.0,VGSH,0
2022-12-05,109513.01882183838,109513.01882183838,0.0,VGSH,0
2022-12-06,109513.01882183838,109513.01882183838,0.0,VGSH,0
2022-12-07,109513.01882183838,109513.01882183838,0.0,VGSH,0
2022-12-08,109513.01882183838,109513.01882183838,0.0,VGSH,0
2022-12-09,109513.01882183838,109513.01882183838,0.0,VGSH,0
2022-12-12,109513.01882183838,109513.01882183838,0.0,VGSH,0
2022-12-13,109513.01882183838,109513.01882183838,0.0,VGSH,0
2022-12-14,109513.01882183838,109513.01882183838,0.0,VGSH,0
2022-12-15,109513.01882183838,109513.01882183838,0.0,VGSH,0
2022-12-16,109513.01882183838,109513.01882183838,0.0,VGSH,0
2022-12-19,109513.01882183838,109513.01882183838,0.0,VGSH,0
2022-12-20,109513.01882183838,109513.01882183838,0.0,VGSH,0
2022-12-21,109513.01882183838,109513.01882183838,0.0,VGSH,0
2022-12-22,109513.01882183838,109513.01882183838,0.0,VGSH,0
2022-12-23,109513.01882183838,109513.01882183838,0.0,VGSH,0
2022-12-27,109513.01882183838,109513.01882183838,0.0,VGSH,0
2022-12-28,109513.01882183838,109513.01882183838,0.0,VGSH,0
2022-12-29,109513.01882183838,109513.01882183838,0.0,VGSH,0
2022-12-30,109513.01882183838,109513.01882183838,0.0,VGSH,0
2023-01-03,109513.01882183838,109513.01882183838,0.0,VGSH,0
2023-01-04,109513.01882183838,109513.01882183838,0.0,VGSH,0
2023-01-05,109513.01882183838,109513.01882183838,0.0,VGSH,0
2023-01-06,109513.01882183838,109513.01882183838,0.0,VGSH,0
2023-01-09,109513.01882183838,109513.01882183838,0.0,VGSH,0
2023-01-10,109513.01882183838,109513.01882183838,0.0,VGSH,0
2023-01-11,109513.01882183838,109513.01882183838,0.0,VGSH,0
2023-01-12,109513.01882183838,109513.01882183838,0.0,VGSH,0
2023-01-13,109513.01882183838,109513.01882183838,0.0,VGSH,0
2023-01-17,109513.01882183838,109513.01882183838,0.0,VGSH,0
2023-01-18,109513.01882183838,109513.01882183838,0.0,VGSH,0
2023-01-19,109513.01882183838,109513.01882183838,0.0,VGSH,0
2023-01-20,109513.01882183838,109513.01882183838,0.0,VGSH,0
2023-01-23,109513.01882183838,109513.01882183838,0.0,VGSH,0
2023-01-24,109513.01882183838,109513.01882183838,0.0,VGSH,0
2023-01-25,109513.01882183838,109513.01882183838,0.0,VGSH,0
2023-01-26,109513.01882183838,109513.01882183838,0.0,VGSH,0
2023-01-27,109513.01882183838,109513.01882183838,0.0,VGSH,0
2023-01-30,109513.01882183838,109513.01882183838,0.0,VGSH,0
2023-01-31,109513.01882183838,109513.01882183838,0.0,VGSH,0
2023-02-01,109349.27388936616,185.98557454682305,109163.28831481934,XLE,1359
2023-02-02,106860.42473012544,185.98557454682305,106674.43915557861,XLE,1359
2023-02-03,106625.13582784272,185.98557454682305,106439.1502532959,XLE,1359
2023-02-06,106142.24042684174,185.98557454682305,105956.25485229492,XLE,1359
2023-02-07,109584.5524233017,185.98557454682305,109398.56684875488,XLE,1359
2023-02-08,108606.31960469819,185.98557454682305,108420.33403015137,XLE,1359
2023-02-09,107677.65785390473,185.98557454682305,107491.67227935791,XLE,1359
2023-02-10,111887.6733797226,185.98557454682305,111701.68780517578,XLE,1359
2023-02-13,111602.89635640717,185.98557454682305,111416.91078186035,XLE,1359
2023-02-14,111640.03577596284,185.98557454682305,111454.05020141602,XLE,1359
2023-02-15,109745.50027639008,185.98557454682305,109559.51470184326,XLE,1359
2023-02-16,108668.24974233247,185.98557454682305,108482.26416778564,XLE,1359
2023-02-17,104804.92064076997,185.98557454682305,104618.93506622314,XLE,1359
2023-02-21,104284.86508351899,185.98557454682305,104098.87950897217,XLE,1359
2023-02-22,103591.47149831391,185.98557454682305,103405.48592376709,XLE,1359
2023-02-23,105151.62780171967,185.98557454682305,104965.64222717285,XLE,1359
2023-02-24,105015.41882497407,185.98557454682305,104829.43325042725,XLE,1359
2023-02-27,105325.00730306245,185.98557454682305,105139.02172851562,XLE,1359
2023-02-28,103814.3391206894,185.98557454682305,103628.35354614258,XLE,1359
2023-03-01,105540.80668495179,128.5110535431013,105412.29563140869,ITB,1617
2023-03-02,106155.39794776918,128.5110535431013,106026.88689422607,ITB,1617
2023-03-03,108141.03180549623,128.5110535431013,108012.52075195312,ITB,1617
2023-03-06,106817.27590034486,128.5110535431013,106688.76484680176,ITB,1617
2023-03-07,105950.5095200348,128.5110535431013,105821.9984664917,ITB,1617
2023-03-08,107557.96089027406,128.5110535431013,107429.44983673096,ITB,1617
2023-03-09,106691.20684669496,128.5110535431013,106562.69579315186,ITB,1617
2023-03-10,104689.7819733429,128.5110535431013,104561.2709197998,ITB,1617
2023-03-13,104989.21910713197,128.5110535431013,104860.70805358887,ITB,1617
2023-03-14,106675.42816780091,128.5110535431013,106546.91711425781,ITB,1617
2023-03-15,105398.98362586976,128.5110535431013,105270.47257232666,ITB,1617
2023-03-16,107825.84066627503,128.5110535431013,107697.32961273193,ITB,1617
2023-03-17,106880.31659553529,128.5110535431013,106751.80554199219,ITB,1617
2023-03-20,107100.93435523988,128.5110535431013,106972.42330169678,ITB,1617
2023-03-21,108188.31849525453,128.5110535431013,108059.80744171143,ITB,1617
2023-03-22,106580.89179847718,128.5110535431013,106452.38074493408,ITB,1617
2023-03-23,106944.09749458314,128.5110535431013,106815.58644104004,ITB,1617
2023-03-24,107481.01669929505,128.5110535431013,107352.50564575195,ITB,1617
2023-03-27,107133.61435554505,128.5110535431013,107005.10330200195,ITB,1617
2023-03-28,107591.5414719391,128.5110535431013,107463.030418396,ITB,1617
2023-03-29,108286.40784309388,128.5110535431013,108157.89678955078,ITB,1617
2023-03-30,108112.68199775697,128.5110535431013,107984.17094421387,ITB,1617
2023-03-31,111128.92635963441,128.5110535431013,111000.41530609131,ITB,1617
2023-04-03,111476.32870338441,128.5110535431013,111347.81764984131,ITB,1617
2023-04-04,109486.58671424867,128.5110535431013,109358.07566070557,ITB,1617
2023-04-05,108775.94166419984,128.5110535431013,108647.43061065674,ITB,1617
2023-04-06,107370.45491645814,128.5110535431013,107241.94386291504,ITB,1617
2023-04-10,108444.31799934388,128.5110535431013,108315.80694580078,ITB,1617
2023-04-11,111160.50839088441,128.5110535431013,111031.99733734131,ITB,1617
2023-04-12,110907.85214088441,128.5110535431013,110779.34108734131,ITB,1617
2023-04-13,110860.47909400941,128.5110535431013,110731.96804046631,ITB,1617
2023-04-14,111255.27915809632,128.5110535431013,111126.76810455322,ITB,1617
2023-04-17,112392.2692932892,128.5110535431013,112263.7582397461,ITB,1617
2023-04-18,114966.31587074281,128.5110535431013,114837.8048171997,ITB,1617
2023-04-19,115282.16085670472,128.5110535431013,115153.64980316162,ITB,1617
2023-04-20,117271.93985603334,128.5110535431013,117143.42880249023,ITB,1617
2023-04-21,116861.31176612855,128.5110535431013,116732.80071258545,ITB,1617
2023-04-24,117966.75688026429,128.5110535431013,117838.24582672119,ITB,1617
2023-04-25,116656.05323646546,128.5110535431013,116527.54218292236,ITB,1617
2023-04-26,114524.16743324281,128.5110535431013,114395.6563796997,ITB,1617
2023-04-27,117729.87930915834,128.5110535431013,117601.36825561523,ITB,1617
2023-04-28,119814.39206550599,128.5110535431013,119685.88101196289,ITB,1617
2023-05-01,118835.29974983216,128.5110535431013,118706.78869628906,ITB,1617
2023-05-02,118693.20528266908,128.5110535431013,118564.69422912598,ITB,1617
2023-05-03,119767.03135536195,128.5110535431013,119638.52030181885,ITB,1617
2023-05-04,117777.26469276429,128.5110535431013,117648.75363922119,ITB,1617
2023-05-05,119372.21895454408,128.5110535431013,119243.70790100098,ITB,1617
2023-05-08,120067.06065223695,128.5110535431013,119938.54959869385,ITB,1617
2023-05-09,120130.2370514679,128.5110535431013,120001.7259979248,ITB,1617
2023-05-10,120193.4011139679,128.5110535431013,120064.8900604248,ITB,1617
2023-05-11,120335.53259132386,128.5110535431013,120207.02153778076,ITB,1617
2023-05-12,119624.88754127503,128.5110535431013,119496.37648773193,ITB,1617
2023-05-15,120240.7741608429,128.5110535431013,120112.2631072998,ITB,1617
2023-05-16,120098.6550202179,128.5110535431013,119970.1439666748,ITB,1617
2023-05-17,121361.99795387269,128.5110535431013,121233.48690032959,ITB,1617
2023-05-18,122814.83307502748,128.5110535431013,122686.32202148438,ITB,1617
2023-05-19,120572.41016242982,128.5110535431013,120443.89910888672,ITB,1617
2023-05-22,118740.55365608216,128.5110535431013,118612.04260253906,ITB,1617
2023-05-23,116355.97459266664,128.5110535431013,116227.46353912354,ITB,1617
2023-05-24,116466.53637550355,128.5110535431013,116338.02532196045,ITB,1617
2023-05-25,116924.50050209046,128.5110535431013,116795.98944854736,ITB,1617
2023-05-26,117066.64431617738,128.5110535431013,116938.13326263428,ITB,1617
2023-05-30,117256.12416694642,128.5110535431013,117127.61311340332,ITB,1617
2023-05-31,115661.15756843568,128.5110535431013,115532.64651489258,ITB,1617
2023-06-01,117271.93985603334,128.5110535431013,117143.42880249023,ITB,1617
2023-06-02,121677.83060310365,128.5110535431013,121549.31954956055,ITB,1617
2023-06-05,120919.81250617982,128.5110535431013,120791.30145263672,ITB,1617
2023-06-06,124709.86598060609,128.5110535431013,124581.35492706299,ITB,1617
2023-06-07,125024.48963020326,128.5110535431013,124895.97857666016,ITB,1617
2023-06-08,124613.3927445221,128.5110535431013,124484.881690979,ITB,1617
2023-06-09,124660.83981178285,128.5110535431013,124532.32875823975,ITB,1617
2023-06-12,126447.54388282777,128.5110535431013,126319.03282928467,ITB,1617
2023-06-13,127285.56568000795,128.5110535431013,127157.05462646484,ITB,1617
2023-06-14,125388.15178535462,128.5110535431013,125259.64073181152,ITB,1617
2023-06-15,127902.22951362611,128.5110535431013,127773.71846008301,ITB,1617
2023-06-16,127775.74101112367,128.5110535431013,127647.22995758057,ITB,1617
2023-06-20,129056.46639869691,128.5110535431013,128927.95534515381,ITB,1617
2023-06-21,129815.42208717347,128.5110535431013,129686.91103363037,ITB,1617
2023-06-22,129530.8013672638,128.5110535431013,129402.2903137207,ITB,1617
2023-06-23,130147.47753761293,128.5110535431013,130018.96648406982,ITB,1617
2023-06-26,130210.71562049867,128.5110535431013,130082.20456695557,ITB,1617
2023-06-27,134337.54951332093,128.5110535431013,134209.03845977783,ITB,1617
2023-06-28,134005.49406288148,128.5110535431013,133876.98300933838,ITB,1617
2023-06-29,134084.54783485414,128.5110535431013,133956.03678131104,ITB,1617
2023-06-30,135222.99370429994,128.5110535431013,135094.48265075684,ITB,1617
2023-07-03,134093.30606932833,218.24796385958325,133875.05810546875,XLK,784
2023-07-05,133267.63932128146,218.24796385958325,133049.39135742188,XLK,784
2023-07-06,132912.68839354708,218.24796385958325,132694.4404296875,XLK,784
2023-07-07,132333.9357080002,218.24796385958325,132115.68774414062,XLK,784
2023-07-10,132681.18253417208,218.24796385958325,132462.9345703125,XLK,784
2023-07-11,132966.68888182833,218.24796385958325,132748.44091796875,XLK,784
2023-07-12,134471.45304198458,218.24796385958325,134253.205078125,XLK,784
2023-07-13,136223.09537596896,218.24796385958325,136004.84741210938,XLK,784
2023-07-14,136022.4777001877,218.24796385958325,135804.22973632812,XLK,784
2023-07-17,137758.71183104708,218.24796385958325,137540.4638671875,XLK,784
2023-07-18,139317.4405908127,218.24796385958325,139099.19262695312,XLK,784
2023-07-19,138970.20572753146,218.24796385958325,138751.95776367188,XLK,784
2023-07-20,136199.93521971896,218.24796385958325,135981.68725585938,XLK,784
2023-07-21,136130.49063964083,218.24796385958325,135912.24267578125,XLK,784
2023-07-24,136369.71256346896,218.24796385958325,136151.46459960938,XLK,784
2023-07-25,137928.46524901583,218.24796385958325,137710.21728515625,XLK,784
2023-07-26,136076.46622557833,218.24796385958325,135858.21826171875,XLK,784
2023-07-27,135682.94693846896,218.24796385958325,135464.69897460938,XLK,784
2023-07-28,137527.20597167208,218.24796385958325,137308.9580078125,XLK,784
2023-07-31,137843.57657714083,218.24796385958325,137625.32861328125,XLK,784
2023-08-01,137662.02774082185,157.02838169099414,137504.99935913086,XHB,1644
2023-08-02,136384.35055576326,157.02838169099414,136227.32217407227,XHB,1644
2023-08-03,134896.4071353531,157.02838169099414,134739.3787536621,XHB,1644
2023-08-04,135802.12982212068,157.02838169099414,135645.1014404297,XHB,1644
2023-08-07,137370.89855991365,157.02838169099414,137213.87017822266,XHB,1644
2023-08-08,137063.62689243318,157.02838169099414,136906.5985107422,XHB,1644
2023-08-09,135834.43988071443,157.02838169099414,135677.41149902344,XHB,1644
2023-08-10,134912.5747073746,157.02838169099414,134755.5463256836,XHB,1644
2023-08-11,134783.2090457535,157.02838169099414,134626.1806640625,XHB,1644
2023-08-14,135543.32324253084,157.02838169099414,135386.29486083984,XHB,1644
2023-08-15,135171.36874423982,157.02838169099414,135014.34036254883,XHB,1644
2023-08-16,133343.7808841324,157.02838169099414,133186.7525024414,XHB,1644
2023-08-17,128540.31872592928,157.02838169099414,128383.29034423828,XHB,1644
2023-08-18,128847.61547885896,157.02838169099414,128690.58709716797,XHB,1644
2023-08-21,127893.37753330232,157.02838169099414,127736.34915161133,XHB,1644
2023-08-22,128297.72988925935,157.02838169099414,128140.70150756836,XHB,1644
2023-08-23,130950.13986240388,157.02838169099414,130793.11148071289,XHB,1644
2023-08-24,128928.49096714021,157.02838169099414,128771.46258544922,XHB,1644
2023-08-25,128459.44323764803,157.02838169099414,128302.41485595703,XHB,1644
2023-08-28,129817.98336826326,157.02838169099414,129660.95498657227,XHB,1644
2023-08-29,132890.9132693863,157.02838169099414,132733.8848876953,XHB,1644
2023-08-30,134103.92016635896,157.02838169099414,133946.89178466797,XHB,1644
2023-08-31,134508.24743686678,157.02838169099414,134351.21905517578,XHB,1644
2023-09-01,136024.67364733125,172.399599479686,135852.27404785156,XLE,1612
2023-09-05,136743.31680529023,172.399599479686,136570.91720581055,XLE,1612
2023-09-06,136803.21090929414,172.399599479686,136630.81130981445,XLE,1612
2023-09-07,136668.45532457734,172.399599479686,136496.05572509766,XLE,1612
2023-09-08,137985.96573107148,172.399599479686,137813.5661315918,XLE,1612
2023-09-11,136174.408907341,172.399599479686,136002.00930786133,XLE,1612
2023-09-12,139378.3376182785,172.399599479686,139205.93801879883,XLE,1612
2023-09-13,138330.301485466,172.399599479686,138157.90188598633,XLE,1612
2023-09-14,139947.24551622773,172.399599479686,139774.84591674805,XLE,1612
2023-09-15,137926.09622423555,172.399599479686,137753.69662475586,XLE,1612
2023-09-18,139093.44092028047,172.399599479686,138921.04132080078,XLE,1612
2023-09-19,137796.37076036836,172.399599479686,137623.97116088867,XLE,1612
2023-09-20,136514.41556017305,172.399599479686,136342.01596069336,XLE,1612
2023-09-21,134644.23138658906,172.399599479686,134471.83178710938,XLE,1612
2023-09-22,134870.45154039765,172.399599479686,134698.05194091797,XLE,1612
2023-09-25,136559.6374534836,172.399599479686,136387.2378540039,XLE,1612
2023-09-26,135775.36905138398,172.399599479686,135602.9694519043,XLE,1612
2023-09-27,139153.76547472383,172.399599479686,138981.36587524414,XLE,1612
2023-09-28,139304.58301012422,172.399599479686,139132.18341064453,XLE,1612
2023-09-29,136499.31289904023,172.399599479686,136326.91329956055,XLE,1612
2023-10-02,133784.53576891328,172.399599479686,133612.1361694336,XLE,1612
2023-10-03,133694.05508654023,172.399599479686,133521.65548706055,XLE,1612
2023-10-04,129501.23413317109,172.399599479686,129328.8345336914,XLE,1612
2023-10-05,128701.88766710664,172.399599479686,128529.48806762695,XLE,1612
2023-10-06,129471.0780052414,172.399599479686,129298.67840576172,XLE,1612
2023-10-09,133784.53576891328,172.399599479686,133612.1361694336,XLE,1612
2023-10-10,133950.45596544648,172.399599479686,133778.0563659668,XLE,1612
2023-10-11,132231.0770286789,172.399599479686,132058.67742919922,XLE,1612
2023-10-12,132381.91916124726,172.399599479686,132209.51956176758,XLE,1612
2023-10-13,135292.73572008515,172.399599479686,135120.33612060547,XLE,1612
2023-10-16,136197.67782823945,172.399599479686,136025.27822875977,XLE,1612
2023-10-17,137615.39709703828,172.399599479686,137442.9974975586,XLE,1612
2023-10-18,138867.22076647187,172.399599479686,138694.8211669922,XLE,1612
2023-10-19,138625.8733543625,172.399599479686,138453.4737548828,XLE,1612
2023-10-20,136303.24887316133,172.399599479686,136130.84927368164,XLE,1612
2023-10-23,134101.28579943086,172.399599479686,133928.88619995117,XLE,1612
2023-10-24,132215.99896471406,172.399599479686,132043.59936523438,XLE,1612
2023-10-25,131974.70074694062,172.399599479686,131802.30114746094,XLE,1612
2023-10-26,130949.12182848359,172.399599479686,130776.7222290039,XLE,1612
2023-10-27,127812.04822008515,172.399599479686,127639.64862060547,XLE,1612
2023-10-30,128234.34469835664,172.399599479686,128061.94509887695,XLE,1612
2023-10-31,128656.65347521211,172.399599479686,128484.25387573242,XLE,1612
2023-11-01,128354.96921007539,172.399599479686,128182.5696105957,XLE,1612
2023-11-02,132231.0770286789,172.399599479686,132058.67742919922,XLE,1612
2023-11-03,130903.87533800508,172.399599479686,130731.47573852539,XLE,1612
2023-11-06,129425.80691759492,172.399599479686,129253.40731811523,XLE,1612
2023-11-07,126560.23684923555,172.399599479686,126387.83724975586,XLE,1612
2023-11-08,124976.6096824875,172.399599479686,124804.21008300781,XLE,1612
2023-11-09,124599.55969469453,172.399599479686,124427.16009521484,XLE,1612
2023-11-10,125972.04477159883,172.399599479686,125799.64517211914,XLE,1612
2023-11-13,126876.97458116914,172.399599479686,126704.57498168945,XLE,1612
2023-11-14,128008.11224596406,172.399599479686,127835.71264648438,XLE,1612
2023-11-15,127766.80172960664,172.399599479686,127594.40213012695,XLE,1612
2023-11-16,125278.25705187226,172.399599479686,125105.85745239258,XLE,1612
2023-11-17,127902.5289024582,172.399599479686,127730.12930297852,XLE,1612
2023-11-20,128083.50256578828,172.399599479686,127911.1029663086,XLE,1612
2023-11-21,127796.95785753633,172.399599479686,127624.55825805664,XLE,1612
2023-11-22,127736.63330309297,172.399599479686,127564.23370361328,XLE,1612
2023-11-24,128264.50082628633,172.399599479686,128092.10122680664,XLE,1612
2023-11-27,127812.04822008515,172.399599479686,127639.64862060547,XLE,1612
2023-11-28,127842.20434801484,172.399599479686,127669.80474853516,XLE,1612
2023-11-29,126892.01574938203,172.399599479686,126719.61614990234,XLE,1612
2023-11-30,127736.63330309297,172.399599479686,127564.23370361328,XLE,1612
2023-12-01,128016.24639765167,248.15371576690814,127768.09268188477,XLK,698
2023-12-04,126460.29516474152,248.15371576690814,126212.14144897461,XLK,698
2023-12-05,127217.60854975128,248.15371576690814,126969.45483398438,XLK,698
2023-12-06,126143.59853998566,248.15371576690814,125895.44482421875,XLK,698
2023-12-07,127672.00723139191,248.15371576690814,127423.853515625,XLK,698
2023-12-08,128759.82046381378,248.15371576690814,128511.66674804688,XLK,698
2023-12-11,129882.03524652863,248.15371576690814,129633.88153076172,XLK,698
2023-12-12,130742.63848749542,248.15371576690814,130494.48477172852,XLK,698
2023-12-13,131892.4171129837,248.15371576690814,131644.2633972168,XLK,698
2023-12-14,131568.8295275345,248.15371576690814,131320.67581176758,XLK,698
2023-12-15,132229.75466791535,248.15371576690814,131981.60095214844,XLK,698
2023-12-18,132624.44589105988,248.15371576690814,132376.29217529297,XLK,698
2023-12-19,133128.14636103058,248.15371576690814,132879.99264526367,XLK,698
2023-12-20,131120.2460924759,248.15371576690814,130872.09237670898,XLK,698
2023-12-21,132589.93783441925,248.15371576690814,132341.78411865234,XLK,698
2023-12-22,132762.44616571808,248.15371576690814,132514.29244995117,XLK,698
2023-12-26,133314.4472643509,248.15371576690814,133066.29354858398,XLK,698
2023-12-27,133307.535002388,248.15371576690814,133059.3812866211,XLK,698
2023-12-28,133466.24011103058,248.15371576690814,133218.08639526367,XLK,698
2023-12-29,133059.13024774933,248.15371576690814,132810.97653198242,XLK,698
2024-01-02,129194.0477666359,193.36210531997494,129000.68566131592,ITB,1309
2024-01-03,126305.69300741958,193.36210531997494,126112.33090209961,ITB,1309
2024-01-04,125663.81642050552,193.36210531997494,125470.45431518555,ITB,1309
2024-01-05,126703.6401128273,193.36210531997494,126510.27800750732,ITB,1309
2024-01-08,129271.06656546402,193.36210531997494,129077.70446014404,ITB,1309
2024-01-09,128808.93379874039,193.36210531997494,128615.57169342041,ITB,1309
2024-01-10,130914.22748465347,193.36210531997494,130720.8653793335,ITB,1309
2024-01-11,131440.54591269302,193.36210531997494,131247.18380737305,ITB,1309
2024-01-12,130143.99954886246,193.36210531997494,129950.63744354248,ITB,1309
2024-01-16,129360.92848868179,193.36210531997494,129167.56638336182,ITB,1309
2024-01-17,128590.6805791359,193.36210531997494,128397.31847381592,ITB,1309
2024-01-18,130208.18521017837,193.36210531997494,130014.8231048584,ITB,1309
2024-01-19,131658.77915854263,193.36210531997494,131465.41705322266,ITB,1309
2024-01-22,134149.18681235122,193.36210531997494,133955.82470703125,ITB,1309
2024-01-23,127653.59189505386,193.36210531997494,127460.22978973389,ITB,1309
2024-01-24,125394.25062460708,193.36210531997494,125200.88851928711,ITB,1309
2024-01-25,128154.23406119156,193.36210531997494,127960.87195587158,ITB,1309
2024-01-26,128064.36215109634,193.36210531997494,127871.00004577637,ITB,1309
2024-01-29,129373.78159994888,193.36210531997494,129180.4194946289,ITB,1309
2024-01-30,130066.97076315689,193.36210531997494,129873.60865783691,ITB,1309
2024-01-31,128539.3580159645,193.36210531997494,128345.99591064453,ITB,1309
2024-02-01,131453.37905020523,193.36210531997494,131260.01694488525,ITB,1309
2024-02-02,131260.83205313492,193.36210531997494,131067.46994781494,ITB,1309
2024-02-05,129476.46667380142,193.36210531997494,129283.10456848145,ITB,1309
2024-02-06,129540.65233511734,193.36210531997494,129347.29022979736,ITB,1309
2024-02-07,131286.49832815933,193.36210531997494,131093.13622283936,ITB,1309
2024-02-08,132544.54527945328,193.36210531997494,132351.1831741333,ITB,1309
2024-02-09,132647.2503270607,193.36210531997494,132453.88822174072,ITB,1309
2024-02-12,135599.8107213478,193.36210531997494,135406.44861602783,ITB,1309
2024-02-13,130708.83736319351,193.36210531997494,130515.47525787354,ITB,1309
2024-02-14,133301.94007773208,193.36210531997494,133108.5779724121,ITB,1309
2024-02-15,134123.5205373268,193.36210531997494,133930.15843200684,ITB,1309
2024-02-16,131684.46540732193,193.36210531997494,131491.10330200195,ITB,1309
2024-02-20,131774.29736990738,193.36210531997494,131580.9352645874,ITB,1309
2024-02-21,132544.54527945328,193.36210531997494,132351.1831741333,ITB,1309
2024-02-22,134701.19148917007,193.36210531997494,134507.8293838501,ITB,1309
2024-02-23,135907.8859166603,193.36210531997494,135714.52381134033,ITB,1309
2024-02-26,135907.8859166603,193.36210531997494,135714.52381134033,ITB,1309
2024-02-27,136536.90939230728,193.36210531997494,136343.5472869873,ITB,1309
2024-02-28,136318.6861333351,193.36210531997494,136125.32402801514,ITB,1309
2024-02-29,138706.39872641372,193.36210531997494,138513.03662109375,ITB,1309
2024-03-01,140518.41648098375,173.59672542955377,140344.8197555542,XLC,1789
2024-03-04,138676.8815307274,173.59672542955377,138503.28480529785,XLC,1789
2024-03-05,137554.40250393297,173.59672542955377,137380.80577850342,XLC,1789
2024-03-06,137747.33093258287,173.59672542955377,137573.73420715332,XLC,1789
2024-03-07,139974.73638912584,173.59672542955377,139801.1396636963,XLC,1789
2024-03-08,139764.25536343004,173.59672542955377,139590.6586380005,XLC,1789
2024-03-11,139501.19844051744,173.59672542955377,139327.6017150879,XLC,1789
2024-03-12,140728.89750667955,173.59672542955377,140555.30078125,XLC,1789
2024-03-13,140974.41548153307,173.59672542955377,140800.81875610352,XLC,1789
2024-03-14,140641.21641537096,173.59672542955377,140467.6196899414,XLC,1789
2024-03-15,139238.1142196312,173.59672542955377,139064.51749420166,XLC,1789
2024-03-18,142094.11011501696,173.59672542955377,141920.5133895874,XLC,1789
2024-03-19,142041.34313198473,173.59672542955377,141867.74640655518,XLC,1789
2024-03-20,143712.04736324694,173.59672542955377,143538.45063781738,XLC,1789
2024-03-21,143764.81434627916,173.59672542955377,143591.2176208496,XLC,1789
2024-03-22,144063.74080654528,173.59672542955377,143890.14408111572,XLC,1789
2024-03-25,143571.3399581566,173.59672542955377,143397.74323272705,XLC,1789
2024-03-26,143272.38619991686,173.59672542955377,143098.7894744873,XLC,1789
2024-03-27,144011.0147704735,173.59672542955377,143837.41804504395,XLC,1789
2024-03-28,143782.38059231188,173.59672542955377,143608.78386688232,XLC,1789
2024-04-01,144456.9150695267,243.80838770297123,144213.10668182373,XHB,1323
2024-04-02,141471.56524652865,243.80838770297123,141227.75685882568,XHB,1323
2024-04-03,142479.7632750931,243.80838770297123,142235.95488739014,XHB,1323
2024-04-04,140463.34703058627,243.80838770297123,140219.5386428833,XHB,1323
2024-04-05,142427.38712305453,243.80838770297123,142183.57873535156,XHB,1323
2024-04-08,142322.65500635531,243.80838770297123,142078.84661865234,XHB,1323
2024-04-09,142178.618064827,243.80838770297123,141934.80967712402,XHB,1323
2024-04-10,136914.9813308182,243.80838770297123,136671.17294311523,XHB,1323
2024-04-11,137464.9157866898,243.80838770297123,137221.10739898682,XHB,1323
2024-04-12,136731.66984552768,243.80838770297123,136487.8614578247,XHB,1323
2024-04-15,134950.93114466098,243.80838770297123,134707.122756958,XHB,1323
2024-04-16,133222.58878321078,243.80838770297123,132978.7803955078,XHB,1323
2024-04-17,132201.28914636996,243.80838770297123,131957.480758667,XHB,1323
2024-04-18,132096.51665491489,243.80838770297123,131852.7082672119,XHB,1323
2024-04-19,131389.48402399448,243.80838770297123,131145.6756362915,XHB,1323
2024-04-22,132397.68205255893,243.80838770297123,132153.87366485596,XHB,1323
2024-04-23,135919.8647231522,243.80838770297123,135676.05633544922,XHB,1323
2024-04-24,134623.60290522006,243.80838770297123,134379.7945175171,XHB,1323
2024-04-25,134414.09829706576,243.80838770297123,134170.2899093628,XHB,1323
2024-04-26,136050.8101500931,243.80838770297123,135807.00176239014,XHB,1323
2024-04-29,137045.91666407016,243.80838770297123,136802.1082763672,XHB,1323
2024-04-30,134597.4097823563,243.80838770297123,134353.60139465332,XHB,1323
2024-05-01,133646.5800080605,179.98229840473505,133466.59770965576,XLE,1523
2024-05-02,134415.21442273335,179.98229840473505,134235.2321243286,XLE,1523
2024-05-03,134429.7040238686,179.98229840473505,134249.72172546387,XLE,1523
2024-05-06,135488.40933087544,179.98229840473505,135308.4270324707,XLE,1523
2024-05-07,135357.88672497944,179.98229840473505,135177.9044265747,XLE,1523
2024-05-08,135198.35005810932,179.98229840473505,135018.3677597046,XLE,1523
2024-05-09,137011.15370038227,179.98229840473505,136831.17140197754,XLE,1523
2024-05-10,136257.03212598042,179.98229840473505,136077.04982757568,XLE,1523
2024-05-13,135894.47836926655,179.98229840473505,135714.49607086182,XLE,1523
2024-05-14,136068.49301770405,179.98229840473505,135888.51071929932,XLE,1523
2024-05-15,136373.0535111733,179.98229840473505,136193.07121276855,XLE,1523
2024-05-16,135995.98691418843,179.98229840473505,135816.0046157837,XLE,1523
2024-05-17,137895.82111981587,179.98229840473505,137715.83882141113,XLE,1523
2024-05-20,136996.65247967915,179.98229840473505,136816.6701812744,XLE,1523
2024-05-21,136329.54984906391,179.98229840473505,136149.56755065918,XLE,1523
2024-05-22,133719.097731144,179.98229840473505,133539.11543273926,XLE,1523
2024-05-23,132500.8673768349,179.98229840473505,132320.88507843018,XLE,1523
2024-05-24,132689.41810467915,179.98229840473505,132509.4358062744,XLE,1523
2024-05-28,134052.6490464516,179.98229840473505,133872.66674804688,XLE,1523
2024-05-29,131688.74091962056,179.98229840473505,131508.75862121582,XLE,1523
2024-05-30,132065.79589703755,179.98229840473505,131885.8135986328,XLE,1523
2024-05-31,135343.36226514057,179.98229840473505,135163.37996673584,XLE,1523
2024-06-03,131410.49327795414,189.25537817386794,131221.23789978027,XLK,629
2024-06-04,131684.5290445557,189.25537817386794,131495.27366638184,XLK,629
2024-06-05,134605.53609411625,189.25537817386794,134416.28071594238,XLK,629
2024-06-06,134157.1086954346,189.25537817386794,133967.85331726074,XLK,629
2024-06-07,134468.51821081547,189.25537817386794,134279.2628326416,XLK,629
2024-06-10,134811.0533212891,189.25537817386794,134621.79794311523,XLK,629
2024-06-11,137314.79695837406,189.25537817386794,137125.5415802002,XLK,629
2024-06-12,140347.89646093754,189.25537817386794,140158.64108276367,XLK,629
2024-06-13,141456.5166391602,189.25537817386794,141267.26126098633,XLK,629
2024-06-14,141985.910895752,189.25537817386794,141796.65551757812,XLK,629
2024-06-17,144134.6327127686,189.25537817386794,143945.37733459473,XLK,629
2024-06-18,144315.25330297856,189.25537817386794,144125.9979248047,XLK,629
2024-06-20,142695.92574255375,189.25537817386794,142506.67036437988,XLK,629
2024-06-21,142446.7962106934,189.25537817386794,142257.54083251953,XLK,629
2024-06-24,138959.14592687992,189.25537817386794,138769.89054870605,XLK,629
2024-06-25,141504.68788854984,189.25537817386794,141315.43251037598,XLK,629
2024-06-26,141342.48543493656,189.25537817386794,141153.2300567627,XLK,629
2024-06-27,141411.1095499268,189.25537817386794,141221.85417175293,XLK,629
2024-06-28,141336.23728125004,189.25537817386794,141146.98190307617,XLK,629
2024-07-01,142403.12631933598,189.25537817386794,142213.8709411621,XLK,629
2024-07-02,143114.36968176274,189.25537817386794,142925.11430358887,XLK,629
2024-07-03,145042.24661962895,189.25537817386794,144852.99124145508,XLK,629
2024-07-05,145485.2416757813,189.25537817386794,145295.98629760742,XLK,629
2024-07-08,146477.25844519047,189.25537817386794,146288.0030670166,XLK,629
2024-07-09,146358.70668737797,189.25537817386794,146169.4513092041,XLK,629
2024-07-10,148479.9884561768,189.25537817386794,148290.73307800293,XLK,629
2024-07-11,144767.7405618897,189.25537817386794,144578.48518371582,XLK,629
2024-07-12,146059.22721044926,189.25537817386794,145869.9718322754,XLK,629
2024-07-15,146321.28494970707,189.25537817386794,146132.0295715332,XLK,629
2024-07-16,145834.6200021973,189.25537817386794,145645.36462402344,XLK,629
2024-07-17,140169.53134863285,189.25537817386794,139980.27597045898,XLK,629
2024-07-18,140182.01805822758,189.25537817386794,139992.7626800537,XLK,629
2024-07-19,137992.08338110356,189.25537817386794,137802.8280029297,XLK,629
2024-07-22,141255.1360544434,189.25537817386794,141065.88067626953,XLK,629
2024-07-23,140693.6084360352,189.25537817386794,140504.35305786133,XLK,629
2024-07-24,134878.79444067387,189.25537817386794,134689.5390625,XLK,629
2024-07-25,133437.55365698246,189.25537817386794,133248.2982788086,XLK,629
2024-07-26,135128.336677002,189.25537817386794,134939.08129882812,XLK,629
2024-07-29,134529.3873209229,189.25537817386794,134340.13194274902,XLK,629
2024-07-30,131154.0502390137,189.25537817386794,130964.79486083984,XLK,629
2024-07-31,136700.6063303223,189.25537817386794,136511.35095214844,XLK,629
2024-08-01,131215.85352595523,209.36663325503469,131006.4868927002,ITB,1130
2024-08-02,128905.80736811832,209.36663325503469,128696.44073486328,ITB,1130
2024-08-05,125274.14606745914,209.36663325503469,125064.7794342041,ITB,1130
2024-08-06,125551.7923229523,209.36663325503469,125342.42568969727,ITB,1130
2024-08-07,121942.33927424625,209.36663325503469,121732.97264099121,ITB,1130
2024-08-08,124052.48530085757,209.36663325503469,123843.11866760254,ITB,1130
2024-08-09,124574.47405513003,209.36663325503469,124365.107421875,ITB,1130
2024-08-12,123663.78054316714,209.36663325503469,123454.41390991211,ITB,1130
2024-08-13,125796.11757929996,209.36663325503469,125586.75094604492,ITB,1130
2024-08-14,125251.92057307437,209.36663325503469,125042.55393981934,ITB,1130
2024-08-15,126917.83259089664,209.36663325503469,126708.4659576416,ITB,1130
2024-08-16,126940.04084284976,209.36663325503469,126730.67420959473,ITB,1130
2024-08-19,129150.14124568179,209.36663325503469,128940.77461242676,ITB,1130
2024-08-20,128272.76011164859,209.36663325503469,128063.39347839355,ITB,1130
2024-08-21,132026.60128291324,209.36663325503469,131817.2346496582,ITB,1130
2024-08-22,131393.56264765933,209.36663325503469,131184.1960144043,ITB,1130
2024-08-23,136979.87772639468,209.36663325503469,136770.51109313965,ITB,1130
2024-08-26,135425.0328319855,209.36663325503469,135215.66619873047,ITB,1130
2024-08-27,134070.10531123355,209.36663325503469,133860.73867797852,ITB,1130
2024-08-28,133414.8498028107,209.36663325503469,133205.48316955566,ITB,1130
2024-08-29,132959.49442561343,209.36663325503469,132750.1277923584,ITB,1130
2024-08-30,134569.87719233707,209.36663325503469,134360.51055908203,ITB,1130
2024-09-03,130949.31139643863,209.36663325503469,130739.9447631836,ITB,1130
2024-09-04,130804.93189509585,209.36663325503469,130595.56526184082,ITB,1130
2024-09-05,129905.34250910953,209.36663325503469,129695.97587585449,ITB,1130
2024-09-06,130549.49389155582,209.36663325503469,130340.12725830078,ITB,1130
2024-09-09,131093.6908977814,209.36663325503469,130884.32426452637,ITB,1130
2024-09-10,131771.15465815738,209.36663325503469,131561.78802490234,ITB,1130
2024-09-11,131049.26577265933,209.36663325503469,130839.8991394043,ITB,1130
2024-09-12,133903.50893672183,209.36663325503469,133694.1423034668,ITB,1130
2024-09-13,137890.5798595734,209.36663325503469,137681.21322631836,ITB,1130
2024-09-16,138723.5272472687,209.36663325503469,138514.16061401367,ITB,1130
2024-09-17,139845.23363764957,209.36663325503469,139635.86700439453,ITB,1130
2024-09-18,139656.42901118472,209.36663325503469,139447.0623779297,ITB,1130
2024-09-19,143010.45267756656,209.36663325503469,142801.08604431152,ITB,1130
2024-09-20,139689.7413891144,209.36663325503469,139480.37475585938,ITB,1130
2024-09-23,140855.86428340152,209.36663325503469,140646.49765014648,ITB,1130
2024-09-24,140722.59752925113,209.36663325503469,140513.2308959961,ITB,1130
2024-09-25,138321.4251201935,209.36663325503469,138112.05848693848,ITB,1130
2024-09-26,139021.7695873566,209.36663325503469,138812.40295410156,ITB,1130
2024-09-27,141133.91573603824,209.36663325503469,140924.5491027832,ITB,1130
2024-09-30,141500.75709040835,209.36663325503469,141291.39045715332,ITB,1130
2024-10-01,142012.1245067902,209.36663325503469,141802.75787353516,ITB,1130
2024-10-02,140689.25066645816,209.36663325503469,140479.88403320312,ITB,1130
2024-10-03,140300.16657527164,209.36663325503469,140090.7999420166,ITB,1130
2024-10-04,137743.36397822574,209.36663325503469,137533.9973449707,ITB,1130
2024-10-07,137532.1528118439,209.36663325503469,137322.78617858887,ITB,1130
2024-10-08,138566.00039179996,209.36663325503469,138356.63375854492,ITB,1130
2024-10-09,138921.72037776187,209.36663325503469,138712.35374450684,ITB,1130
2024-10-10,136876.276575882,209.36663325503469,136666.90994262695,ITB,1130
2024-10-11,137743.36397822574,209.36663325503469,137533.9973449707,ITB,1130
2024-10-14,140644.7910564728,209.36663325503469,140435.42442321777,ITB,1130
2024-10-15,141567.46805842593,209.36663325503469,141358.1014251709,ITB,1130
2024-10-16,143468.3857982941,209.36663325503469,143259.01916503906,ITB,1130
2024-10-17,142290.03801997378,209.36663325503469,142080.67138671875,ITB,1130
2024-10-18,143990.86596186832,209.36663325503469,143781.49932861328,ITB,1130
2024-10-21,139021.7695873566,209.36663325503469,138812.40295410156,ITB,1130
2024-10-22,134375.06357844546,209.36663325503469,134165.69694519043,ITB,1130
2024-10-23,133974.85811885074,209.36663325503469,133765.4914855957,ITB,1130
2024-10-24,135420.00666316226,209.36663325503469,135210.64002990723,ITB,1130
2024-10-25,133385.68422969058,209.36663325503469,133176.31759643555,ITB,1130
2024-10-28,134664.08121760562,209.36663325503469,134454.7145843506,ITB,1130
2024-10-29,130828.86439021304,209.36663325503469,130619.49775695801,ITB,1130
2024-10-30,131095.66515620425,209.36663325503469,130886.29852294922,ITB,1130
2024-10-31,130517.60401423648,209.36663325503469,130308.23738098145,ITB,1130
2024-11-01,130049.59973715976,153.89996909335605,129895.6997680664,XLF,2826
2024-11-04,129046.9639491959,153.89996909335605,128893.06398010254,XLF,2826
2024-11-05,130244.55130576328,153.89996909335605,130090.65133666992,XLF,2826
2024-11-06,138154.15817069248,153.89996909335605,138000.25820159912,XLF,2826
2024-11-07,135926.08942221836,153.89996909335605,135772.189453125,XLF,2826
2024-11-08,137151.53316306308,153.89996909335605,136997.63319396973,XLF,2826
2024-11-11,139101.08119010166,153.89996909335605,138947.1812210083,XLF,2826
2024-11-12,138683.32166861728,153.89996909335605,138529.42169952393,XLF,2826
2024-11-13,138766.86926078037,153.89996909335605,138612.969291687,XLF,2826
2024-11-14,138404.8117275162,153.89996909335605,138250.91175842285,XLF,2826
2024-11-15,139045.38998221591,153.89996909335605,138891.49001312256,XLF,2826
2024-11-18,139463.1495037003,153.89996909335605,139309.24953460693,XLF,2826
2024-11-19,138544.0613078995,153.89996909335605,138390.16133880615,XLF,2826
2024-11-20,138126.3125667496,153.89996909335605,137972.41259765625,XLF,2826
2024-11-21,139880.8982448502,153.89996909335605,139726.99827575684,XLF,2826
2024-11-22,141440.53235434726,153.89996909335605,141286.6323852539,XLF,2826
2024-11-25,142359.62055014804,153.89996909335605,142205.7205810547,XLF,2826
2024-11-26,142638.13049124912,153.89996909335605,142484.23052215576,XLF,2826
2024-11-27,142916.61887168125,153.89996909335605,142762.7189025879,XLF,2826
2024-11-29,143139.43760489658,153.89996909335605,142985.53763580322,XLF,2826
2024-12-02,141295.27479334644,334.39683314136346,140960.87796020508,XLY,634
2024-12-03,141188.40531702808,334.39683314136346,140854.00848388672,XLY,634
2024-12-04,142495.9142281609,334.39683314136346,142161.51739501953,XLY,634
2024-12-05,143658.87315150074,334.39683314136346,143324.47631835938,XLY,634
2024-12-06,146676.22596522144,334.39683314136346,146341.82913208008,XLY,634
2024-12-09,146211.04820032886,334.39683314136346,145876.6513671875,XLY,634
2024-12-10,146449.92039271168,334.39683314136346,146115.5235595703,XLY,634
2024-12-11,149014.68140955738,334.39683314136346,148680.28457641602,XLY,634
2024-12-12,147782.5818917351,334.39683314136346,147448.18505859375,XLY,634
2024-12-13,148367.20542689136,334.39683314136346,148032.80859375,XLY,634
2024-12-16,150372.4761483269,334.39683314136346,150038.07931518555,XLY,634
2024-12-17,150843.94206019214,334.39683314136346,150509.54522705078,XLY,634
2024-12-18,144061.17912073902,334.39683314136346,143726.78228759766,XLY,634
2024-12-19,143866.31428309254,334.39683314136346,143531.91744995117,XLY,634
2024-12-20,144230.9107186394,334.39683314136346,143896.51388549805,XLY,634
2024-12-23,144667.35648890308,334.39683314136346,144332.95965576172,XLY,634
2024-12-24,148005.32740565113,334.39683314136346,147670.93057250977,XLY,634
2024-12-26,147457.41697474293,334.39683314136346,147123.02014160156,XLY,634
2024-12-27,145026.35163660816,334.39683314136346,144691.9548034668,XLY,634
2024-12-30,142702.35893030933,334.39683314136346,142367.96209716797,XLY,634
