date,action,bucket,symbol,shares,price,value,cost,cash_after
2010-01-04,BUY,AI_US_Large_Cap,VNQ,2491,24.02106475830078,59836.472312927246,89.75470846939088,40073.77297860336
2010-01-04,BUY,AI_Global_Developed,EWC,2056,19.380556106567383,39846.42335510254,59.76963503265381,167.57998846816918
2010-02-01,SELL,AI_US_Large_Cap,VNQ,2491,23.20687484741211,57808.325244903564,86.71248786735535,57889.19274550438
2010-02-01,BUY,AI_US_Large_Cap,XLV,2355,24.071231842041016,56687.75098800659,85.03162648200988,1116.4101310157785
2010-02-01,SELL,AI_Global_Developed,EWC,2056,17.926294326782227,36856.46113586426,55.28469170379638,37917.58657517624
2010-02-01,BUY,AI_Global_Developed,EWJ,1227,30.761369705200195,37744.20062828064,56.616300942420956,116.76964595317986
2010-03-01,SELL,AI_US_Large_Cap,XLV,2355,24.254873275756836,57120.22656440735,85.68033984661102,57151.315870513914
2010-03-01,BUY,AI_US_Large_Cap,VNQ,2349,24.269092559814453,57008.09842300415,85.51214763450622,57.70529987525515
2010-03-01,SELL,AI_Global_Developed,EWJ,1227,31.07083511352539,38123.914684295654,57.185872026443484,38124.43411214447
2010-03-01,BUY,AI_Global_Developed,EWC,1994,19.034988403320312,37955.7668762207,56.93365031433106,111.73358560943598
2010-04-01,SELL,AI_Global_Developed,EWC,1994,20.46044921875,40798.1357421875,61.197203613281246,40848.67212418366
2010-04-01,BUY,AI_Global_Developed,EWA,3338,12.365331649780273,41275.47704696655,61.91321557044982,-488.71813835334615
2010-07-01,SELL,AI_US_Large_Cap,VNQ,2349,25.40620231628418,59679.16924095154,89.51875386142731,59100.932348736766
2010-07-01,SELL,AI_Global_Developed,EWA,3338,9.689543724060059,32343.696950912476,48.51554542636871,91396.11375422287
2010-10-01,BUY,AI_US_Large_Cap,VNQ,1888,28.960289001464844,54677.025634765625,82.01553845214843,36637.07258100509
2010-10-01,BUY,AI_Global_Developed,EWC,1774,20.532136917114258,36424.01089096069,54.636016336441045,158.42567370795587
2011-01-03,SELL,AI_US_Large_Cap,VNQ,1888,31.548513412475586,59563.593322753906,89.34538998413086,59632.67360647773
2011-01-03,BUY,AI_US_Large_Cap,XLE,1438,41.69572448730469,59958.45181274414,89.93767771911621,-415.7158839855256
2011-01-03,SELL,AI_Global_Developed,EWC,1774,22.889183044433594,40605.410720825195,60.90811608123779,40128.786720758435
2011-01-03,BUY,AI_Global_Developed,EWJ,1155,34.55341720581055,39909.19687271118,59.863795309066774,159.72605273818772
2011-03-01,SELL,AI_Global_Developed,EWJ,1155,36.12259292602539,41721.594829559326,62.58239224433899,41818.738490053176
2011-03-01,BUY,AI_Global_Developed,EWG,2420,17.974821090698242,43499.067039489746,65.24860055923462,-1745.5771499958064
2011-04-01,SELL,AI_Global_Developed,EWG,2420,18.558738708496094,44912.14767456055,67.36822151184083,43099.2023030529
2011-04-01,BUY,AI_Global_Developed,EWC,1815,24.852153778076172,45106.65910720825,67.65998866081237,-2075.1167928161594
2011-05-02,SELL,AI_Global_Developed,EWC,1815,24.764265060424805,44947.14108467102,67.42071162700654,42804.60358022786
2011-05-02,BUY,AI_Global_Developed,EWA,3065,14.613435745239258,44790.180559158325,67.18527083873748,-2052.7622497692064
2011-06-01,SELL,AI_US_Large_Cap,XLE,1438,45.79700469970703,65856.09275817871,98.78413913726808,63704.54636927224
2011-06-01,BUY,AI_US_Large_Cap,XLV,2265,27.887758255004883,63165.77244758606,94.74865867137909,444.0252630148025
2011-06-01,SELL,AI_Global_Developed,EWA,3065,13.65594482421875,41855.47088623047,62.7832063293457,42236.712942915925
2011-06-01,BUY,AI_Global_Developed,EWG,2265,18.56576919555664,42051.46722793579,63.07720084190369,122.16851413823315
2011-08-01,SELL,AI_US_Large_Cap,XLV,2265,26.395383834838867,59785.544385910034,89.67831657886505,59818.0345834694
2011-08-01,BUY,AI_US_Large_Cap,VNQ,1763,34.16288375854492,60229.1640663147,90.34374609947204,-501.4732289447711
2011-08-01,SELL,AI_Global_Developed,EWG,2265,18.022544860839844,40821.064109802246,61.23159616470336,40258.35928469277
2011-08-01,BUY,AI_Global_Developed,EWJ,1193,33.58842849731445,40070.99519729614,60.10649279594421,127.25759460068366
2011-09-01,SELL,AI_US_Large_Cap,VNQ,1763,32.26493835449219,56883.08631896973,85.3246294784546,56925.019284091955
2011-09-01,BUY,AI_US_Large_Cap,XLU,2702,20.770320892333984,56121.407051086426,84.18211057662964,719.4301224289011
2011-10-03,SELL,AI_US_Large_Cap,XLU,2702,20.452669143676758,55263.1120262146,82.8946680393219,55899.64748060418
2011-10-03,SELL,AI_Global_Developed,EWJ,1193,29.47297477722168,35161.258909225464,52.7418883638382,91008.1645014658
2011-11-01,BUY,AI_US_Large_Cap,XLU,2561,21.262794494628906,54454.01670074463,81.68102505111695,36472.46677567005
2011-11-01,BUY,AI_Global_Developed,EWJ,1234,29.377986907958984,36252.43584442139,54.37865376663208,165.65227748203324
2011-12-01,SELL,AI_US_Large_Cap,XLU,2561,21.879741668701172,56034.0184135437,84.05102762031555,56115.61966340542
2011-12-01,BUY,AI_US_Large_Cap,XLE,1280,43.2097282409668,55308.4521484375,82.96267822265625,724.2048367452662
2011-12-01,SELL,AI_Global_Developed,EWJ,1234,29.441320419311523,36330.58939743042,54.49588409614563,37000.29835007954
2011-12-01,BUY,AI_Global_Developed,EWU,1969,18.698862075805664,36818.05942726135,55.22708914089203,127.01183367729391
2012-01-03,SELL,AI_US_Large_Cap,XLE,1280,43.74354934692383,55991.7431640625,83.98761474609375,56034.7673829937
2012-01-03,BUY,AI_US_Large_Cap,VNQ,1660,33.93131637573242,56325.98518371582,84.48897777557373,-375.7067784976971
2012-02-01,SELL,AI_US_Large_Cap,VNQ,1660,36.14739227294922,60004.6711730957,90.00700675964356,59538.95738783836
2012-02-01,BUY,AI_US_Large_Cap,XLB,2079,28.323137283325195,58883.80241203308,88.32570361804963,566.8292721872276
2012-02-01,SELL,AI_Global_Developed,EWU,1969,19.735179901123047,38858.56922531128,58.28785383796692,39367.11064366054
2012-02-01,BUY,AI_Global_Developed,EWG,2486,15.764318466186523,39190.0957069397,58.78514356040955,118.22979316043347
2012-03-01,SELL,AI_US_Large_Cap,XLB,2079,28.194902420043945,58617.20213127136,87.92580319690704,58647.50612123489
2012-03-01,BUY,AI_US_Large_Cap,XLK,2476,24.241291046142578,60021.43663024902,90.03215494537355,-1463.962663959508
2012-04-02,SELL,AI_US_Large_Cap,XLK,2476,25.45492172241211,63026.38618469238,94.53957927703857,61467.88394145584
2012-04-02,BUY,AI_US_Large_Cap,XLF,6171,10.071572303771973,62151.67268657684,93.22750902986527,-777.0162541508689
2012-05-01,SELL,AI_US_Large_Cap,XLF,6171,9.862800598144531,60863.3424911499,91.29501373672485,59995.03122326231
2012-05-01,BUY,AI_US_Large_Cap,VNQ,1556,38.701026916503906,60218.79788208008,90.32819682312012,-314.0948556408839
2012-05-01,SELL,AI_Global_Developed,EWG,2486,16.34149932861328,40624.96733093262,60.93745099639893,40249.93502429534
2012-05-01,BUY,AI_Global_Developed,EWA,3047,13.153785705566406,40079.58504486084,60.11937756729127,110.2306018672025
2012-06-01,SELL,AI_US_Large_Cap,VNQ,1556,35.6660041809082,55496.302505493164,83.24445375823974,55523.288653602125
2012-06-01,BUY,AI_US_Large_Cap,XLU,2361,22.7110595703125,53620.81164550781,80.43121746826172,1822.045790626049
2012-06-01,SELL,AI_Global_Developed,EWA,3047,11.182914733886719,34074.34119415283,51.11151179122925,35845.275472987654
2012-06-01,BUY,AI_Global_Developed,EWU,2007,17.780275344848633,35685.012617111206,53.52751892566681,106.73533695078368
2012-07-02,SELL,AI_US_Large_Cap,XLU,2361,23.89171028137207,56408.32797431946,84.6124919614792,56430.45081930876
2012-07-02,BUY,AI_US_Large_Cap,XLV,1872,30.65601348876953,57388.05725097656,86.08208587646484,-1043.6885175442658
2012-08-01,SELL,AI_US_Large_Cap,XLV,1872,30.881105422973633,57809.42935180664,86.71414402770996,56679.02669023466
2012-08-01,BUY,AI_US_Large_Cap,XLE,1324,43.466304779052734,57549.38752746582,86.32408129119872,-956.6849185223546
2012-08-01,SELL,AI_Global_Developed,EWU,2007,19.69066619873047,39519.16706085205,59.27875059127807,38503.20339173842
2012-08-01,BUY,AI_Global_Developed,EWA,2957,12.958941459655762,38319.58989620209,57.479384844303134,126.13411069202994
2012-09-04,SELL,AI_US_Large_Cap,XLE,1324,44.081153869628906,58363.44772338867,87.54517158508301,58402.03666249562
2012-09-04,BUY,AI_US_Large_Cap,XLK,2261,25.562135696411133,57795.98880958557,86.69398321437836,519.3538696956748
2012-09-04,SELL,AI_Global_Developed,EWA,2957,12.919703483581543,38203.56320095062,57.30534480142594,38665.61172584487
2012-09-04,BUY,AI_Global_Developed,EWG,2445,15.737911224365234,38479.192943573,57.718789415359495,128.69999285651284
2012-10-01,SELL,AI_US_Large_Cap,XLK,2261,25.89503288269043,58548.66934776306,87.82300402164459,58589.54633659793
2012-10-01,BUY,AI_US_Large_Cap,XLF,5979,9.996087074279785,59766.604617118835,89.64990692567825,-1266.7081874465803
2012-11-01,SELL,AI_Global_Developed,EWG,2445,17.178749084472656,42002.041511535645,63.00306226730346,40672.330261821764
2012-11-01,BUY,AI_Global_Developed,EWA,2957,13.77728271484375,40739.42498779297,61.10913748168946,-128.20386345289444
2012-12-03,SELL,AI_US_Large_Cap,XLF,5979,10.021620750427246,59919.270466804504,89.87890570020676,59701.1876976514
2012-12-03,BUY,AI_US_Large_Cap,XLY,1492,40.55681228637695,60510.763931274414,90.76614589691162,-900.3423795199196
2012-12-03,SELL,AI_Global_Developed,EWA,2957,14.007089614868164,41418.96399116516,62.12844598674775,40456.493165658496
2012-12-03,BUY,AI_Global_Developed,EWJ,1340,30.050159454345703,40267.21366882324,60.40082050323487,128.87867633201677
2013-01-02,SELL,AI_US_Large_Cap,XLY,1492,41.80976486206055,62380.169174194336,93.5702537612915,62415.477596765064
2013-01-02,BUY,AI_US_Large_Cap,XLV,1923,33.0380859375,63532.2392578125,95.29835888671874,-1212.060019934157
2013-01-02,SELL,AI_Global_Developed,EWJ,1340,32.66242218017578,43767.64572143555,65.65146858215333,42489.93423291924
2013-01-02,BUY,AI_Global_Developed,EWA,2857,14.802643775939941,42291.15326786041,63.43672990179063,135.34423515703384
2013-03-01,SELL,AI_Global_Developed,EWA,2857,15.644693374633789,44696.888971328735,67.0453334569931,44765.18787302878
2013-03-01,BUY,AI_Global_Developed,EWG,2482,18.188833236694336,45144.68409347534,67.71702614021301,-447.2132465867762
2013-04-01,SELL,AI_US_Large_Cap,XLV,1923,37.586734771728516,72279.29096603394,108.4189364490509,71723.65878299811
2013-04-01,BUY,AI_US_Large_Cap,XLF,5976,11.678079605102539,69788.20372009277,104.68230558013917,1830.772757325205
2013-05-01,SELL,AI_US_Large_Cap,XLF,5976,11.91654109954834,71213.24961090088,106.81987441635131,72937.20249380973
2013-05-01,BUY,AI_US_Large_Cap,XLU,2634,27.143596649169922,71496.23357391357,107.24435036087036,1333.7245695352904
2013-05-01,SELL,AI_Global_Developed,EWG,2482,18.75328826904297,46545.66148376465,69.81849222564696,47809.56756107429
2013-05-01,BUY,AI_Global_Developed,EWJ,1258,37.8282470703125,47587.934814453125,71.3819022216797,150.25084439948841
2013-06-03,SELL,AI_US_Large_Cap,XLU,2634,24.98640251159668,65814.18421554565,98.72127632331848,65865.71378362182
2013-06-03,BUY,AI_US_Large_Cap,XLV,1666,39.46321105957031,65745.70962524414,98.61856443786621,21.385593939805403
2013-07-01,SELL,AI_US_Large_Cap,XLV,1666,39.125572204589844,65183.20329284668,97.77480493927003,65106.81408184722
2013-07-01,BUY,AI_US_Large_Cap,XLF,5311,12.624600410461426,67049.25277996063,100.57387916994097,-2043.0125772833562
2013-07-01,SELL,AI_Global_Developed,EWJ,1258,37.30235290527344,46926.359954833984,70.38953993225098,44812.95783761838
2013-07-01,BUY,AI_Global_Developed,EWG,2376,18.781179428100586,44624.08232116699,66.93612348175049,121.93939296963799
2013-09-03,SELL,AI_US_Large_Cap,XLF,5311,12.682835578918457,67358.53975963593,101.0378096394539,67379.4413429661
2013-09-03,BUY,AI_US_Large_Cap,XLY,1348,50.46050262451172,68020.7575378418,102.0311363067627,-743.3473311824491
2013-10-01,SELL,AI_US_Large_Cap,XLY,1348,53.24836349487305,71778.79399108887,107.6681909866333,70927.77846891979
2013-10-01,BUY,AI_US_Large_Cap,XLB,2194,33.120521545410156,72666.42427062988,108.99963640594484,-1847.6454381160438
2013-11-01,SELL,AI_US_Large_Cap,XLB,2194,34.28236389160156,75215.50637817383,112.82325956726075,73255.03768049052
2013-11-01,BUY,AI_US_Large_Cap,VNQ,1752,42.91472625732422,75186.60040283203,112.77990060424804,-2044.3426229457546
2013-12-02,SELL,AI_US_Large_Cap,VNQ,1752,40.21596145629883,70458.36447143555,105.68754670715332,68308.33430178264
2013-12-02,BUY,AI_US_Large_Cap,XLI,1825,40.308570861816406,73563.14182281494,110.34471273422241,-5365.152233766523
2014-03-03,SELL,AI_US_Large_Cap,XLI,1825,41.740821838378906,76176.9998550415,114.26549978256224,70697.58212149242
2014-03-03,BUY,AI_US_Large_Cap,VNQ,1694,44.38673400878906,75191.12741088867,112.786691116333,-4606.331980512579
2014-04-01,SELL,AI_Global_Developed,EWG,2376,23.867591857910156,56709.39825439453,85.06409738159181,52018.00217650036
2014-04-01,BUY,AI_Global_Developed,EWA,3229,15.797937393188477,51011.53984260559,76.51730976390839,929.9450241308659
2014-05-01,SELL,AI_US_Large_Cap,VNQ,1694,46.242374420166016,78334.58226776123,117.50187340164186,79147.02541849045
2014-05-01,BUY,AI_US_Large_Cap,XLU,2622,29.845157623291016,78254.00328826904,117.38100493240357,775.6411252889957
2014-06-02,SELL,AI_US_Large_Cap,XLU,2622,29.391191482543945,77063.70406723022,115.59555610084533,77723.74963641838
2014-06-02,BUY,AI_US_Large_Cap,XLE,1273,61.09881591796875,77778.79266357422,116.66818899536133,-171.711216151205
2014-06-02,SELL,AI_Global_Developed,EWA,3229,16.188308715820312,52272.04884338379,78.40807326507569,52021.92955396751
2014-06-02,BUY,AI_Global_Developed,EWU,1919,26.97492790222168,51764.8866443634,77.64732996654512,179.39557963755942
2014-07-01,SELL,AI_Global_Developed,EWU,1919,27.44042205810547,52658.169929504395,78.9872548942566,52758.578254247695
2014-07-01,BUY,AI_Global_Developed,EWJ,1319,40.80561828613281,53822.61051940918,80.73391577911377,-1144.7661809405981
2014-09-02,SELL,AI_US_Large_Cap,XLE,1273,62.86561965942383,80027.93382644653,120.04190073966979,78763.12574476626
2014-09-02,BUY,AI_US_Large_Cap,XLK,2237,35.073036193847656,78458.3819656372,117.68757294845582,187.05620618059766
2014-09-02,SELL,AI_Global_Developed,EWJ,1319,39.70636749267578,52372.698722839355,78.55904808425905,52481.195880935695
2014-09-02,BUY,AI_Global_Developed,EWC,2022,25.837501525878906,52243.42808532715,78.36514212799072,159.40265348055254
2014-10-01,SELL,AI_US_Large_Cap,XLK,2237,34.340980529785156,76820.7734451294,115.23116016769409,76864.94493844226
2014-10-01,BUY,AI_US_Large_Cap,XLV,1421,52.82210922241211,75060.21720504761,112.59032580757142,1692.1374075870845
2014-11-03,SELL,AI_US_Large_Cap,XLV,1421,56.25505828857422,79938.43782806396,119.90765674209595,81510.66757890895
2014-11-03,BUY,AI_US_Large_Cap,XLU,2401,32.03760528564453,76922.29029083252,115.38343543624879,4472.993852640182
2014-11-03,SELL,AI_Global_Developed,EWC,2022,23.256122589111328,47023.879875183105,70.53581981277466,51426.337908010515
2014-11-03,BUY,AI_Global_Developed,EWJ,1266,40.439208984375,51196.03857421875,76.79405786132813,153.50527593043807
2015-01-02,SELL,AI_US_Large_Cap,XLU,2401,33.50254821777344,80439.61827087402,120.65942740631104,80472.46411939815
2015-01-02,BUY,AI_US_Large_Cap,XLV,1333,57.53636932373047,76695.98030853271,115.04397046279907,3661.4398404026433
2015-01-02,SELL,AI_Global_Developed,EWJ,1266,37.731201171875,47767.70068359375,71.65155102539063,51357.488972971005
2015-01-02,BUY,AI_Global_Developed,EWG,2429,21.03338623046875,51090.095153808594,76.6351427307129,190.75867643169477
2015-02-02,SELL,AI_US_Large_Cap,XLV,1333,58.39989471435547,77847.05965423584,116.77058948135375,77921.04774118618
2015-02-02,BUY,AI_US_Large_Cap,VNQ,1399,56.268863677978516,78720.14028549194,118.08021042823793,-917.1727547339979
2015-04-01,SELL,AI_US_Large_Cap,VNQ,1399,55.20838165283203,77236.52593231201,115.85478889846803,76203.49838867955
2015-04-01,BUY,AI_US_Large_Cap,XLY,1188,66.75596618652344,79306.08782958984,118.95913174438476,-3221.548572654676
2015-04-01,SELL,AI_Global_Developed,EWG,2429,23.207664489746094,56371.41704559326,84.55712556838989,53065.311347370196
2015-04-01,BUY,AI_Global_Developed,EWJ,1252,42.15440368652344,52777.313415527344,79.16597012329102,208.83196171955933
2015-05-01,SELL,AI_US_Large_Cap,XLY,1188,67.9394760131836,80712.09750366211,121.06814625549316,80799.86131912618
2015-05-01,BUY,AI_US_Large_Cap,XLV,1326,61.102149963378906,81021.45085144043,121.53217627716066,-343.1217085914104
2015-06-01,SELL,AI_US_Large_Cap,XLV,1326,63.25434112548828,83875.25633239746,125.81288449859619,83406.32173930746
2015-06-01,BUY,AI_US_Large_Cap,XLE,1613,51.34095001220703,82812.95236968994,124.21942855453491,469.1499410629767
2015-06-01,SELL,AI_Global_Developed,EWJ,1252,43.93038558959961,55000.84275817871,82.50126413726807,55387.49143510442
2015-06-01,BUY,AI_Global_Developed,EWU,2170,25.39981460571289,55117.59769439697,82.67639654159547,187.2173441658524
2015-07-01,SELL,AI_US_Large_Cap,XLE,1613,49.0446891784668,79109.08364486694,118.66362546730042,79177.63736356549
2015-07-01,BUY,AI_US_Large_Cap,XLV,1253,63.430084228515625,79477.89553833008,119.21684330749511,-419.47501807208755
2015-08-03,SELL,AI_US_Large_Cap,XLV,1253,64.56048583984375,80894.28875732422,121.34143313598634,80353.47230611615
2015-08-03,BUY,AI_US_Large_Cap,XLY,1127,71.3689956665039,80432.8581161499,120.64928717422485,-200.03509720797592
2015-08-03,SELL,AI_Global_Developed,EWU,2170,24.91651725769043,54068.84244918823,81.10326367378235,53787.70408830648
2015-08-03,BUY,AI_Global_Developed,EWJ,1234,43.3788948059082,53529.55619049072,80.29433428573608,177.85356353002135
2015-09-01,SELL,AI_US_Large_Cap,XLY,1127,65.23632049560547,73521.33319854736,110.28199979782104,73588.90476227956
2015-09-01,SELL,AI_Global_Developed,EWJ,1234,38.96690368652344,48085.15914916992,72.12773872375489,121601.93617272572
2015-12-01,BUY,AI_US_Large_Cap,XLK,1843,39.48801040649414,72776.4031791687,109.16460476875304,48716.368388788265
2015-12-01,BUY,AI_Global_Developed,EWJ,1145,42.33483123779297,48473.38176727295,72.71007265090942,170.27654886440723
2016-02-01,SELL,AI_US_Large_Cap,XLK,1843,37.03761672973633,68260.32763290405,102.39049144935608,68328.2136903191
2016-02-01,BUY,AI_US_Large_Cap,XLU,2008,33.586055755615234,67440.79995727539,101.16119993591309,786.2525331077923
2016-02-01,SELL,AI_Global_Developed,EWJ,1145,38.77741241455078,44400.137214660645,66.60020582199097,45119.78954194645
2016-02-01,BUY,AI_Global_Developed,EWA,3775,11.896899223327637,44910.79456806183,67.36619185209275,141.6287820325233
2016-03-01,SELL,AI_Global_Developed,EWA,3775,12.011357307434082,45342.87383556366,68.01431075334548,45416.48830684284
2016-03-01,BUY,AI_Global_Developed,EWC,2497,18.0798282623291,45145.33117103577,67.71799675655366,203.43913905051886
2016-04-01,SELL,AI_US_Large_Cap,XLU,2008,36.76119613647461,73816.48184204102,110.72472276306152,73909.19625832848
2016-04-01,BUY,AI_US_Large_Cap,XLB,1956,37.360233306884766,73076.6163482666,109.61492452239989,722.9649855394819
2016-05-02,SELL,AI_US_Large_Cap,XLB,1956,39.03666305541992,76355.71293640137,114.53356940460206,76964.14435253624
2016-05-02,BUY,AI_US_Large_Cap,XLE,1685,45.62875747680664,76884.45634841919,115.3266845226288,-35.63868040558009
2016-07-01,SELL,AI_US_Large_Cap,XLE,1685,46.72614288330078,78733.55075836182,118.10032613754272,78579.81175181869
2016-07-01,BUY,AI_US_Large_Cap,XLU,1987,39.04853820800781,77589.44541931152,116.3841681289673,873.9821643782052
2016-08-01,SELL,AI_US_Large_Cap,XLU,1987,38.803001403808594,77101.56378936768,115.65234568405151,77859.89360806183
2016-08-01,BUY,AI_US_Large_Cap,VNQ,1205,64.12445831298828,77269.97226715088,115.90495840072631,474.01638251022086
2016-08-01,SELL,AI_Global_Developed,EWC,2497,20.547279357910156,51306.55655670166,76.95983483505249,51703.613104376826
2016-08-01,BUY,AI_Global_Developed,EWA,3647,14.107356071472168,51449.527592659,77.1742913889885,176.91122032883868
2016-09-01,SELL,AI_US_Large_Cap,VNQ,1205,61.42521286010742,74017.38149642944,111.02607224464418,74083.26664451364
2016-09-01,BUY,AI_US_Large_Cap,XLE,1604,46.52861022949219,74631.89080810547,111.9478362121582,-660.5719998039858
2016-09-01,SELL,AI_Global_Developed,EWA,3647,13.882023811340332,50627.74083995819,75.94161125993729,49891.22722889427
2016-09-01,BUY,AI_Global_Developed,EWG,2350,21.134262084960938,49665.5158996582,74.4982738494873,151.21305538657907
2016-10-03,SELL,AI_US_Large_Cap,XLE,1604,48.35166931152344,77556.0775756836,116.3341163635254,77590.95651470666
2016-10-03,BUY,AI_US_Large_Cap,XLK,1758,43.23258972167969,76002.89273071289,114.00433909606933,1474.0594448977063
2016-10-03,SELL,AI_Global_Developed,EWG,2350,21.021759033203125,49401.133728027344,74.10170059204103,50801.091472333006
2016-10-03,BUY,AI_Global_Developed,EWJ,1183,42.74158477783203,50563.29479217529,75.84494218826293,161.95173796945164
2016-11-01,SELL,AI_US_Large_Cap,XLK,1758,42.660892486572266,74997.84899139404,112.49677348709108,75047.30395587641
2016-11-01,BUY,AI_US_Large_Cap,XLF,4536,16.61611557006836,75370.70022583008,113.05605033874511,-436.4523202924029
2016-11-01,SELL,AI_Global_Developed,EWJ,1183,43.015132904052734,50886.902225494385,76.33035333824158,50374.11955186374
2016-11-01,BUY,AI_Global_Developed,EWC,2398,20.918169021606445,50161.769313812256,75.24265397071838,137.107584080768
2017-01-03,SELL,AI_Global_Developed,EWC,2398,21.89305877685547,52499.554946899414,78.74933242034912,52557.913198559836
2017-01-03,BUY,AI_Global_Developed,EWG,2680,21.302310943603516,57090.19332885742,85.63528999328614,-4617.9154202908685
2017-02-01,SELL,AI_US_Large_Cap,XLF,4536,19.81592559814453,89885.0385131836,134.8275577697754,85132.29553512295
2017-02-01,BUY,AI_US_Large_Cap,XLB,1973,43.85121536254883,86518.44791030884,129.77767186546325,-1515.9300470513554
2017-02-01,SELL,AI_Global_Developed,EWG,2680,22.186559677124023,59459.97993469238,89.18996990203857,57854.85991773899
2017-02-01,BUY,AI_Global_Developed,EWA,3848,14.968427658081055,57598.5096282959,86.39776444244384,169.95252500064817
2017-03-01,SELL,AI_US_Large_Cap,XLB,1973,44.73295211791992,88258.114528656,132.38717179298402,88295.67988186367
2017-03-01,BUY,AI_US_Large_Cap,XLV,1355,65.42546081542969,88651.49940490723,132.97724910736085,-488.7967721509194
2017-04-03,SELL,AI_US_Large_Cap,XLV,1355,64.51827239990234,87422.25910186768,131.13338865280153,86802.32894106396
2017-04-03,BUY,AI_US_Large_Cap,XLU,2255,39.164093017578125,88315.02975463867,132.47254463195802,-1645.1733582066809
2017-04-03,SELL,AI_Global_Developed,EWA,3848,15.802735328674316,60808.92554473877,91.21338831710815,59072.538798214984
2017-04-03,BUY,AI_Global_Developed,EWG,2548,23.078840255737305,58804.88497161865,88.20732745742798,179.44649913890316
2017-05-01,SELL,AI_US_Large_Cap,XLU,2255,39.23280715942383,88469.98014450073,132.70497021675112,88516.72167342287
2017-05-01,BUY,AI_US_Large_Cap,VNQ,1501,59.68915557861328,89593.42252349854,134.3901337852478,-1211.0909838609077
2017-06-01,SELL,AI_US_Large_Cap,VNQ,1501,59.216094970703125,88883.35855102539,133.3250378265381,87538.94252933795
2017-06-01,BUY,AI_US_Large_Cap,XLK,1746,51.85310363769531,90535.51895141602,135.80327842712404,-3132.3797005051892
2017-07-03,SELL,AI_US_Large_Cap,XLK,1746,49.921478271484375,87162.90106201172,130.7443515930176,83899.77700991351
2017-07-03,BUY,AI_US_Large_Cap,XLV,1274,69.0916519165039,88022.76454162598,132.03414681243896,-4255.021678524907
2017-07-03,SELL,AI_Global_Developed,EWG,2548,24.818483352661133,63237.49558258057,94.85624337387085,58887.61766068179
2017-07-03,BUY,AI_Global_Developed,EWJ,1261,46.46875762939453,58597.103370666504,87.89565505599975,202.61863495928264
2017-08-01,SELL,AI_US_Large_Cap,XLV,1274,69.37884521484375,88388.64880371094,132.58297320556642,88458.68446546464
2017-08-01,BUY,AI_US_Large_Cap,XLF,4123,21.613332748413086,89111.77092170715,133.66765638256075,-786.7541126250726
2017-08-01,SELL,AI_Global_Developed,EWJ,1261,47.93968200683594,60451.93901062012,90.67790851593017,59574.506989479116
2017-08-01,BUY,AI_Global_Developed,EWC,2540,23.355247497558594,59322.32864379883,88.98349296569825,163.1948527145869
2017-09-01,SELL,AI_US_Large_Cap,XLF,4123,21.185678482055664,87348.5523815155,131.02282857227326,87380.72440565782
2017-09-01,BUY,AI_US_Large_Cap,XLU,2090,42.175540924072266,88146.88053131104,132.22032079696658,-898.3764464501874
2017-09-01,SELL,AI_Global_Developed,EWC,2540,23.590227127075195,59919.176902770996,89.8787653541565,58930.92169096665
2017-09-01,BUY,AI_Global_Developed,EWA,3590,16.344453811645508,58676.58918380737,88.01488377571106,166.3176233835693
2017-10-02,SELL,AI_US_Large_Cap,XLU,2090,41.209896087646484,86128.68282318115,129.1930242347717,86165.80742232995
2017-10-02,BUY,AI_US_Large_Cap,XLE,1782,48.39924621582031,86247.4567565918,129.3711851348877,-211.0205193967413
2017-10-02,SELL,AI_Global_Developed,EWA,3590,16.143901824951172,57956.60755157471,86.93491132736206,57658.6521208506
2017-10-02,BUY,AI_Global_Developed,EWG,2166,26.506366729736328,57412.79033660889,86.11918550491333,159.7425987368042
2017-11-01,SELL,AI_US_Large_Cap,XLE,1782,48.554779052734375,86524.61627197266,129.786924407959,86554.5719463015
2017-11-01,BUY,AI_US_Large_Cap,XLK,1502,58.04720687866211,87186.90473175049,130.78035709762574,-763.1131425466156
2017-11-01,SELL,AI_Global_Developed,EWG,2166,27.325725555419922,59187.52155303955,88.78128232955933,58335.627128163374
2017-11-01,BUY,AI_Global_Developed,EWJ,1131,51.3341064453125,58058.87438964844,87.08831158447265,189.66442693046702
2018-01-02,SELL,AI_US_Large_Cap,XLK,1502,59.910865783691406,89986.12040710449,134.97918061065673,90040.80565342431
2018-01-02,BUY,AI_US_Large_Cap,XLF,3721,24.090816497802734,89641.92818832397,134.46289228248597,264.41457281784096
2018-01-02,SELL,AI_Global_Developed,EWJ,1131,52.82194900512695,59741.624324798584,89.61243648719788,59916.426461129224
2018-01-02,BUY,AI_Global_Developed,EWU,2212,26.972368240356445,59662.87854766846,89.49431782150268,164.05359563926322
2018-02-01,SELL,AI_US_Large_Cap,XLF,3721,25.902809143066406,96384.3528213501,144.57652923202517,96403.82988775734
2018-02-01,BUY,AI_US_Large_Cap,XLY,954,98.87434387207031,94326.12405395508,141.48918608093263,1936.2166477213323
2018-02-01,SELL,AI_Global_Developed,EWU,2212,27.725950241088867,61329.801933288574,91.99470289993286,63174.023878109976
2018-02-01,BUY,AI_Global_Developed,EWJ,1134,55.4152946472168,62840.94412994385,94.26141619491577,238.8183319712116
2018-03-01,SELL,AI_US_Large_Cap,XLY,954,95.47989654541016,91087.82130432129,136.63173195648193,91190.00790433602
2018-03-01,BUY,AI_US_Large_Cap,XLK,1448,62.03929138183594,89832.89392089844,134.74934088134768,1222.3646425562329
2018-05-01,SELL,AI_US_Large_Cap,XLK,1448,61.52787399291992,89092.36154174805,133.63854231262206,90181.08764199166
2018-05-01,BUY,AI_US_Large_Cap,XLY,931,96.5888671875,89924.2353515625,134.88635302734374,121.96593740182288
2018-06-01,SELL,AI_US_Large_Cap,XLY,931,99.100341796875,92262.41821289062,138.39362731933593,92245.99052297311
2018-06-01,BUY,AI_US_Large_Cap,XLE,1661,54.74503707885742,90931.50658798218,136.39725988197327,1178.0866751089634
2018-06-01,SELL,AI_Global_Developed,EWJ,1134,52.69928741455078,59760.991928100586,89.64148789215088,60849.4371153174
2018-06-01,BUY,AI_Global_Developed,EWU,2237,27.06190299987793,60537.47701072693,90.80621551609039,221.1538890743832
2018-07-02,SELL,AI_Global_Developed,EWU,2237,26.250272750854492,58721.8601436615,88.08279021549225,58854.93124252039
2018-07-02,BUY,AI_Global_Developed,EWC,2439,24.293567657470703,59252.011516571045,88.87801727485657,-485.95829132551444
2018-08-01,SELL,AI_US_Large_Cap,XLE,1661,54.876708984375,91150.21362304688,136.72532043457034,90527.53001128678
2018-08-01,BUY,AI_US_Large_Cap,XLY,877,103.25897216796875,90558.1185913086,135.8371778869629,-166.42575790877163
2018-08-01,SELL,AI_Global_Developed,EWC,2439,24.93602180480957,60818.95718193054,91.2284357728958,60561.30298824888
2018-08-01,BUY,AI_Global_Developed,EWA,3546,17.004058837890625,60296.392639160156,90.44458895874024,174.46576012998412
2018-09-04,SELL,AI_US_Large_Cap,XLY,877,109.27429962158203,95833.56076812744,143.75034115219117,95864.27618710524
2018-09-04,BUY,AI_US_Large_Cap,XLV,1139,81.31086730957031,92613.07786560059,138.91961679840088,3112.2787047062448
2018-09-04,SELL,AI_Global_Developed,EWA,3546,16.637495040893555,58996.557415008545,88.49483612251282,62020.34128359228
2018-09-04,BUY,AI_Global_Developed,EWC,2542,24.267866134643555,61688.915714263916,92.53337357139588,238.89219575696916
2018-11-01,SELL,AI_US_Large_Cap,XLV,1139,79.65898895263672,90731.58841705322,136.09738262557985,90834.38323018461
2018-11-01,SELL,AI_Global_Developed,EWC,2542,22.948678970336914,58335.541942596436,87.50331291389466,149082.42185986714
2019-03-01,BUY,AI_US_Large_Cap,XLI,1308,68.20646667480469,89214.05841064453,133.8210876159668,59734.54236160664
2019-03-01,BUY,AI_Global_Developed,EWA,3569,16.650537490844727,59425.76830482483,89.13865245723724,219.63540432457376
2019-04-01,SELL,AI_US_Large_Cap,XLI,1308,68.75225067138672,89927.94387817383,134.89191581726075,90012.68736668114
2019-04-01,BUY,AI_US_Large_Cap,XLK,1273,70.64739227294922,89934.13036346436,134.90119554519654,-56.34419232841174
2019-04-01,SELL,AI_Global_Developed,EWA,3569,16.90694236755371,60340.877309799194,90.5113159646988,60194.02180150608
2019-04-01,BUY,AI_Global_Developed,EWC,2456,24.386384963989258,59892.96147155762,89.83944220733643,211.2208877411249
2019-05-01,SELL,AI_Global_Developed,EWC,2456,24.691219329833984,60641.634674072266,90.9624520111084,60761.89310980228
2019-05-01,BUY,AI_Global_Developed,EWU,2372,26.050060272216797,61790.74296569824,92.68611444854736,-1121.5359703445065
2019-06-03,SELL,AI_Global_Developed,EWU,2372,24.785799026489258,58791.91529083252,88.18787293624878,57582.19144755176
2019-06-03,BUY,AI_Global_Developed,EWG,2487,22.816591262817383,56744.86247062683,85.11729370594026,752.2116832189931
2019-07-01,SELL,AI_US_Large_Cap,XLK,1273,74.932861328125,95389.53247070312,143.0842987060547,95998.65985521606
2019-07-01,BUY,AI_US_Large_Cap,XLP,1890,49.52416229248047,93600.66673278809,140.4010000991821,2257.592122328788
2019-07-01,SELL,AI_Global_Developed,EWG,2487,24.296754837036133,60426.02927970886,90.63904391956329,62592.98235811809
2019-07-01,BUY,AI_Global_Developed,EWA,3493,17.83768653869629,62307.03907966614,93.46055861949921,192.4827198324565
2019-08-01,SELL,AI_US_Large_Cap,XLP,1890,50.20234680175781,94882.43545532227,142.3236531829834,94932.59452197174
2019-08-01,BUY,AI_US_Large_Cap,XLK,1234,75.95367431640625,93726.83410644531,140.59025115966796,1065.170164366762
2019-09-03,SELL,AI_Global_Developed,EWA,3493,17.10039710998535,59731.68710517883,89.59753065776826,60707.25973888783
2019-09-03,BUY,AI_Global_Developed,EWC,2470,24.599796295166016,60761.49684906006,91.14224527359009,-145.37935544582433
2019-10-01,SELL,AI_US_Large_Cap,XLK,1234,75.6403579711914,93340.2017364502,140.0103026046753,93054.8120783997
2019-10-01,BUY,AI_US_Large_Cap,XLU,1732,53.52678680419922,92708.39474487305,139.06259211730958,207.3547414093482
2019-10-01,SELL,AI_Global_Developed,EWC,2470,25.074390411376953,61933.744316101074,92.90061647415162,62048.19844103627
2019-10-01,BUY,AI_Global_Developed,EWJ,1217,50.72067642211914,61727.063205718994,92.5905948085785,228.54464050869865
2019-12-02,SELL,AI_US_Large_Cap,XLU,1732,51.91079330444336,89909.4940032959,134.86424100494386,90003.17440279965
2019-12-02,BUY,AI_US_Large_Cap,XLK,1124,82.39091491699219,92607.38836669922,138.91108255004883,-2743.125046449626
2019-12-02,SELL,AI_Global_Developed,EWJ,1217,53.252662658691406,64808.49045562744,97.21273568344117,61968.152673494376
2019-12-02,BUY,AI_Global_Developed,EWA,3422,18.020029067993164,61664.53947067261,92.49680920600892,211.1163936157609
2020-01-02,SELL,AI_Global_Developed,EWA,3422,18.39472198486328,62946.73863220215,94.42010794830323,63063.43491786961
2020-01-02,BUY,AI_Global_Developed,EWJ,1195,54.38772201538086,64993.32780838013,97.4899917125702,-2027.3828822230935
2020-09-01,SELL,AI_Global_Developed,EWJ,1195,53.280792236328125,63670.54672241211,95.50582008361818,61547.658020105395
2020-09-01,BUY,AI_Global_Developed,EWG,2992,26.299396514892578,78687.7943725586,118.0316915588379,-17258.168044012033
2021-03-01,SELL,AI_Global_Developed,EWG,2992,28.71088981628418,85902.98233032227,128.8544734954834,68515.95981281475
2021-03-01,BUY,AI_Global_Developed,EWA,4075,21.00718879699707,85604.29434776306,128.40644152164458,-17216.740976469955
2021-04-01,SELL,AI_US_Large_Cap,XLK,1124,130.76560974121094,146980.5453491211,220.47081802368163,129543.33355462745
2021-04-01,BUY,AI_US_Large_Cap,XLF,4025,31.867036819458008,128264.82319831848,192.39723479747772,1086.1131215114874
2021-05-03,SELL,AI_US_Large_Cap,XLF,4025,33.688270568847656,135595.28903961182,203.39293355941774,136478.00922756386
2021-05-03,BUY,AI_US_Large_Cap,XLE,3144,42.81902313232422,134623.00872802734,201.93451309204102,1653.0659864444751
2021-07-01,SELL,AI_Global_Developed,EWA,4075,21.739274978637695,88587.54553794861,132.88131830692294,90107.73020608615
2021-07-01,BUY,AI_Global_Developed,EWC,2741,34.48862075805664,94533.30949783325,141.79996424674988,-4567.379255993845
2021-09-01,SELL,AI_US_Large_Cap,XLE,3144,40.6484375,127798.6875,191.69803124999999,123039.61021275616
2021-09-01,BUY,AI_US_Large_Cap,VNQ,1389,93.6640853881836,130099.41460418701,195.14912190628053,-7254.953513337125
2021-10-01,SELL,AI_US_Large_Cap,VNQ,1389,88.17938995361328,122481.17264556885,183.72175896835327,115042.49737326337
2021-10-01,BUY,AI_US_Large_Cap,XLK,844,146.8216552734375,123917.47705078125,185.8762155761719,-9060.855893094049
2021-10-01,SELL,AI_Global_Developed,EWC,2741,33.57210159301758,92021.13046646118,138.0316956996918,82822.24287766744
2021-10-01,BUY,AI_Global_Developed,EWJ,1273,64.76696014404297,82448.3402633667,123.67251039505005,250.23010390569107
2021-11-01,SELL,AI_US_Large_Cap,XLK,844,156.23716735839844,131864.16925048828,197.79625387573242,131916.60310051823
2021-11-01,BUY,AI_US_Large_Cap,XLF,3407,37.54765701293945,127924.86744308472,191.88730116462708,3799.8483562688925
2021-11-01,SELL,AI_Global_Developed,EWJ,1273,64.30386352539062,81858.81826782227,122.78822740173341,85535.87839668943
2021-11-01,BUY,AI_Global_Developed,EWC,2344,36.33082580566406,85159.45568847656,127.73918353271486,248.68352468014928
2021-12-01,SELL,AI_US_Large_Cap,XLF,3407,34.993526458740234,119222.94464492798,178.83441696739197,119292.79375264073
2021-12-01,BUY,AI_US_Large_Cap,XLE,2549,46.59457015991211,118769.55933761597,178.15433900642395,345.08007601834834
2022-01-03,SELL,AI_US_Large_Cap,XLE,2549,50.003021240234375,127457.70114135742,191.18655171203613,127611.59466566374
2022-01-03,BUY,AI_US_Large_Cap,XLU,2002,63.21572494506836,126557.88134002686,189.8368220100403,863.8765036268451
2022-01-03,SELL,AI_Global_Developed,EWC,2344,35.80012130737305,83915.48434448242,125.87322651672363,84653.48762159255
2022-01-03,BUY,AI_Global_Developed,EWU,2875,29.302812576293945,84245.5861568451,126.36837923526764,281.5330855121865
2022-02-01,SELL,AI_US_Large_Cap,XLU,2002,60.950077056884766,122022.0542678833,183.03308140182497,122120.55427199366
2022-02-01,BUY,AI_US_Large_Cap,XLE,2089,59.6593017578125,124628.28137207031,186.94242205810548,-2694.6695221347472
2022-03-01,SELL,AI_US_Large_Cap,XLE,2089,62.29841995239258,130141.3992805481,195.21209892082214,127251.51765949253
2022-03-01,SELL,AI_Global_Developed,EWU,2875,28.848369598388672,82939.06259536743,124.40859389305115,210066.1716609669
2022-04-01,BUY,AI_US_Large_Cap,XLE,1849,67.98480224609375,125703.89935302734,188.55584902954104,84173.71645891003
2022-04-01,BUY,AI_Global_Developed,EWU,2824,29.65238380432129,83738.33186340332,125.60749779510498,309.7770977116015
2022-05-02,SELL,AI_Global_Developed,EWU,2824,28.079315185546875,79295.98608398438,118.94397912597657,79486.81920257
2022-05-02,BUY,AI_Global_Developed,EWA,3817,21.32439613342285,81395.22004127502,122.09283006191254,-2030.4936687669397
2022-07-01,SELL,AI_US_Large_Cap,XLE,1849,64.75048065185547,119723.63872528076,179.58545808792115,117513.5595984259
2022-07-01,SELL,AI_Global_Developed,EWA,3817,18.92397117614746,72232.79797935486,108.34919696903228,189638.00838081172
2022-09-01,BUY,AI_US_Large_Cap,XLU,1662,68.25674438476562,113442.70916748047,170.1640637512207,76025.13514958003
2022-09-01,BUY,AI_Global_Developed,EWU,2990,25.283029556274414,75596.2583732605,113.39438755989075,315.4823887596431
2022-10-03,SELL,AI_Global_Developed,EWU,2990,23.90411949157715,71473.31727981567,107.20997591972352,71681.58969265559
2022-10-03,BUY,AI_Global_Developed,EWJ,1471,47.11722183227539,69309.4333152771,103.96414997291566,2268.1922274055687
2022-11-01,SELL,AI_US_Large_Cap,XLU,1662,61.09169387817383,101534.3952255249,152.30159283828735,103650.28586009219
2022-11-01,BUY,AI_US_Large_Cap,XLE,1269,81.95132446289062,103996.2307434082,155.9943461151123,-501.93922943112557
2022-11-01,SELL,AI_Global_Developed,EWJ,1471,47.723594665527344,70201.40775299072,105.30211162948608,69594.16641193011
2022-11-01,BUY,AI_Global_Developed,EWA,3673,18.85218620300293,69244.07992362976,103.86611988544465,246.22036841491354
2023-02-01,SELL,AI_Global_Developed,EWA,3673,22.96535873413086,84351.76263046265,126.52764394569397,84471.45535493187
2023-02-01,BUY,AI_Global_Developed,EWG,2790,26.65394401550293,74364.50380325317,111.54675570487976,9995.404795973809
2023-04-03,SELL,AI_US_Large_Cap,XLE,1269,79.70989227294922,101151.85329437256,151.72777994155882,110995.5303104048
2023-04-03,BUY,AI_US_Large_Cap,XLI,1137,97.53009796142578,110891.72138214111,166.33758207321168,-62.52865380952426
2023-05-01,SELL,AI_US_Large_Cap,XLI,1137,96.74107360839844,109994.60069274902,164.99190103912355,109767.08013790038
2023-05-01,BUY,AI_US_Large_Cap,XLK,753,148.23379516601562,111620.04776000977,167.43007164001466,-2020.3976937494008
2023-07-03,SELL,AI_Global_Developed,EWG,2790,27.296525955200195,76157.30741500854,114.23596112251282,74022.67376013663
2023-07-03,BUY,AI_Global_Developed,EWJ,1361,59.366050720214844,80797.1950302124,121.19579254531861,-6895.717062621086
2023-10-02,SELL,AI_US_Large_Cap,XLK,753,163.4301300048828,123062.88789367676,184.59433184051514,115982.57649921515
2023-10-02,BUY,AI_US_Large_Cap,XLE,1399,82.88594818115234,115957.44150543213,173.9361622581482,-148.80116847512545
2023-11-01,SELL,AI_US_Large_Cap,XLE,1399,79.5177230834961,111245.29459381104,166.86794189071657,110929.6254834452
2023-11-01,SELL,AI_Global_Developed,EWJ,1361,57.339054107666016,78038.45264053345,117.05767896080017,188851.02044501784
2023-12-01,BUY,AI_US_Large_Cap,XLK,617,183.04885864257812,112941.1457824707,169.41171867370605,75740.46294387343
2023-12-01,BUY,AI_Global_Developed,EWA,3525,21.35550308227539,75278.14836502075,112.91722254753114,349.3973563051404
2024-01-02,SELL,AI_US_Large_Cap,XLK,617,185.29136657714844,114324.77317810059,171.48715976715087,114502.68337463858
2024-01-02,BUY,AI_US_Large_Cap,VNQ,1405,83.22946166992188,116937.39364624023,175.40609046936035,-2610.116362071014
2024-01-02,SELL,AI_Global_Developed,EWA,3525,22.948453903198242,80893.3000087738,121.33995001316072,78161.84369668963
2024-01-02,BUY,AI_Global_Developed,EWG,2763,28.172149658203125,77839.64950561523,116.75947425842287,205.43471681597293
2024-02-01,SELL,AI_Global_Developed,EWG,2763,28.325780868530273,78264.13253974915,117.39619880962371,78352.17105775549
2024-02-01,BUY,AI_Global_Developed,EWA,3368,22.558853149414062,75978.21740722656,113.96732611083985,2259.9863244180888
2024-03-01,SELL,AI_US_Large_Cap,VNQ,1405,80.84801483154297,113591.46083831787,170.38719125747681,115681.05997147848
2024-03-01,BUY,AI_US_Large_Cap,VUG,339,340.6438293457031,115478.25814819336,173.21738722229003,29.58443606282526
2024-03-01,SELL,AI_Global_Developed,EWA,3368,22.986465454101562,77418.41564941406,116.1276234741211,77331.87246200276
2024-03-01,BUY,AI_Global_Developed,EWJ,1128,68.18801879882812,76916.08520507812,115.3741278076172,300.4131291170197
2024-04-01,SELL,AI_US_Large_Cap,VUG,339,341.79931640625,115869.96826171875,173.80495239257812,115996.5764384432
2024-04-01,BUY,AI_US_Large_Cap,XLK,558,206.79690551757812,115392.6732788086,173.0890099182129,430.8141497163888
2024-06-03,SELL,AI_US_Large_Cap,XLK,558,208.61880493164062,116409.29315185547,174.6139397277832,116665.49336184407
2024-06-03,BUY,AI_US_Large_Cap,VUG,328,350.8439636230469,115076.82006835938,172.61523010253907,1416.0580633821519
2024-09-03,SELL,AI_Global_Developed,EWJ,1128,69.23921203613281,78101.83117675781,117.15274676513673,79400.73649337483
2024-09-03,BUY,AI_Global_Developed,EWG,2499,31.64377784729004,79077.80084037781,118.61670126056671,204.3189517364517
2024-10-01,SELL,AI_Global_Developed,EWG,2499,32.82415008544922,82027.5510635376,123.0413265953064,82108.82868867874
2024-10-01,BUY,AI_Global_Developed,EWU,2290,35.84101104736328,82075.91529846191,123.11387294769288,-90.20048273087014
2024-11-01,SELL,AI_US_Large_Cap,VUG,328,384.1395568847656,125997.77465820312,188.9966619873047,125718.57751348495
2024-11-01,BUY,AI_US_Large_Cap,XLU,1610,75.90048217773438,122199.77630615234,183.29966445922852,3335.501542873375
2024-12-02,SELL,AI_Global_Developed,EWU,2290,34.30524444580078,78559.00978088379,117.83851467132567,81776.67280908584
2024-12-02,BUY,AI_Global_Developed,EWC,1970,42.24921417236328,83230.95191955566,124.8464278793335,-1579.1255383491662
